-- phpMyAdmin SQL Dump
-- version 4.5.1
-- http://www.phpmyadmin.net
--
-- Host: 127.0.0.1
-- Generation Time: Jan 22, 2018 at 05:36 AM
-- Server version: 10.1.16-MariaDB
-- PHP Version: 5.6.24

SET SQL_MODE = "NO_AUTO_VALUE_ON_ZERO";
SET time_zone = "+00:00";


/*!40101 SET @OLD_CHARACTER_SET_CLIENT=@@CHARACTER_SET_CLIENT */;
/*!40101 SET @OLD_CHARACTER_SET_RESULTS=@@CHARACTER_SET_RESULTS */;
/*!40101 SET @OLD_COLLATION_CONNECTION=@@COLLATION_CONNECTION */;
/*!40101 SET NAMES utf8mb4 */;

--
-- Database: `escuela_digital`
--

-- --------------------------------------------------------

--
-- Table structure for table `actividad`
--

CREATE TABLE `actividad` (
  `id_actividad` int(11) NOT NULL,
  `nombre_actividad` varchar(70) COLLATE utf8_spanish2_ci NOT NULL,
  `id_area` int(11) NOT NULL
) ENGINE=InnoDB DEFAULT CHARSET=utf8 COLLATE=utf8_spanish2_ci;

--
-- Dumping data for table `actividad`
--

INSERT INTO `actividad` (`id_actividad`, `nombre_actividad`, `id_area`) VALUES
(1, 'PLACE THE FIRST LETTER', 1),
(2, 'PLACE THE VOWELS', 1),
(3, 'COUNT THE OBJECTS', 2),
(4, 'IDENTIFY THE NUMBER', 2),
(5, 'SPELL THE NUMBER', 2),
(6, 'WHAT TIME IS IT?', 2),
(7, 'FIND THE LETTERS', 1),
(8, 'WRITE THE FIRST LETTER OF THE OBJECT', 1),
(9, 'SUM THE OBJECTS', 2),
(10, 'SUBTRACT THE OBJECTS', 2),
(13, 'FIND THE IMAGES WITH THE MOST OBJECTS', 2),
(14, 'ARRANGE THE WORD', 1),
(15, 'COMPLETE THE NUMBER SEQUENCES', 2),
(20, 'SELECT THE OBJECTS WHOSE FIRST LETTER IS EQUAL TO THE INDICATED', 1),
(21, 'SELECT THE IMAGE THAT´S ASSOCIATED TO THE WORD', 1),
(22, 'ASSOCIATE THE WORDS WITH THE IMAGES', 1);

-- --------------------------------------------------------

--
-- Table structure for table `actividad_imagen`
--

CREATE TABLE `actividad_imagen` (
  `id_actividad_imagen` int(11) NOT NULL,
  `id_actividad` int(11) NOT NULL,
  `id_imagen` int(11) NOT NULL
) ENGINE=InnoDB DEFAULT CHARSET=utf8 COLLATE=utf8_spanish2_ci;

--
-- Dumping data for table `actividad_imagen`
--

INSERT INTO `actividad_imagen` (`id_actividad_imagen`, `id_actividad`, `id_imagen`) VALUES
(1, 1, 1),
(2, 2, 1),
(3, 8, 1),
(4, 14, 1),
(5, 20, 1),
(6, 21, 1),
(7, 22, 1),
(8, 1, 2),
(9, 2, 2),
(10, 8, 2),
(11, 14, 2),
(12, 20, 2),
(13, 21, 2),
(14, 22, 2),
(15, 1, 3),
(16, 2, 3),
(17, 8, 3),
(18, 14, 3),
(19, 20, 3),
(20, 21, 3),
(21, 22, 3),
(22, 1, 4),
(23, 2, 4),
(24, 8, 4),
(25, 14, 4),
(26, 20, 4),
(27, 21, 4),
(28, 22, 4),
(29, 1, 5),
(30, 2, 5),
(31, 8, 5),
(32, 14, 5),
(33, 20, 5),
(34, 21, 5),
(35, 22, 5),
(36, 1, 6),
(37, 2, 6),
(38, 8, 6),
(39, 14, 6),
(40, 20, 6),
(41, 21, 6),
(42, 22, 6),
(43, 1, 7),
(44, 2, 7),
(45, 8, 7),
(46, 14, 7),
(47, 20, 7),
(48, 21, 7),
(49, 22, 7),
(50, 1, 8),
(51, 2, 8),
(52, 8, 8),
(53, 14, 8),
(54, 20, 8),
(55, 21, 8),
(56, 22, 8),
(57, 21, 9),
(58, 1, 9),
(59, 2, 9),
(60, 8, 9),
(61, 14, 9),
(62, 20, 9),
(63, 22, 9),
(64, 1, 10),
(65, 2, 10),
(66, 8, 10),
(67, 14, 10),
(68, 20, 10),
(69, 21, 10),
(70, 22, 10),
(71, 1, 11),
(72, 2, 11),
(73, 8, 11),
(74, 14, 11),
(75, 20, 11),
(76, 21, 11),
(77, 22, 11),
(78, 1, 12),
(79, 2, 12),
(80, 8, 12),
(81, 14, 12),
(82, 20, 12),
(83, 21, 12),
(84, 22, 12),
(85, 1, 13),
(86, 2, 13),
(87, 8, 13),
(88, 14, 13),
(89, 20, 13),
(90, 21, 13),
(91, 22, 13),
(92, 1, 14),
(93, 2, 14),
(94, 8, 14),
(95, 14, 14),
(96, 20, 14),
(97, 21, 14),
(98, 22, 14),
(99, 1, 15),
(100, 2, 15),
(101, 8, 15),
(102, 14, 15),
(103, 20, 15),
(104, 21, 15),
(105, 22, 15),
(106, 1, 16),
(107, 2, 16),
(108, 8, 16),
(109, 14, 16),
(110, 20, 16),
(111, 21, 16),
(112, 22, 16),
(113, 1, 17),
(114, 2, 17),
(115, 8, 17),
(116, 14, 17),
(117, 20, 17),
(118, 21, 17),
(119, 22, 17),
(120, 1, 18),
(121, 2, 18),
(122, 8, 18),
(123, 14, 18),
(124, 20, 18),
(125, 21, 18),
(126, 22, 18),
(127, 1, 19),
(128, 2, 19),
(129, 8, 19),
(130, 14, 19),
(131, 20, 19),
(132, 21, 19),
(133, 22, 19),
(134, 1, 20),
(135, 2, 20),
(136, 8, 20),
(137, 14, 20),
(138, 20, 20),
(139, 21, 20),
(140, 22, 20),
(141, 1, 21),
(142, 2, 21),
(143, 8, 21),
(144, 14, 21),
(145, 20, 21),
(146, 21, 21),
(147, 22, 21),
(148, 1, 22),
(149, 2, 22),
(150, 8, 22),
(151, 14, 22),
(152, 20, 22),
(153, 21, 22),
(154, 22, 22),
(155, 1, 23),
(156, 2, 23),
(157, 8, 23),
(158, 14, 23),
(159, 20, 23),
(160, 21, 23),
(161, 22, 23),
(162, 22, 24),
(163, 20, 24),
(164, 1, 24),
(165, 2, 24),
(166, 8, 24),
(167, 14, 24),
(168, 21, 24),
(169, 1, 25),
(170, 2, 25),
(171, 8, 25),
(172, 14, 25),
(173, 20, 25),
(174, 21, 25),
(175, 22, 25),
(176, 22, 26),
(177, 20, 26),
(178, 1, 26),
(179, 2, 26),
(180, 8, 26),
(181, 14, 26),
(182, 21, 26),
(183, 1, 27),
(184, 2, 27),
(185, 8, 27),
(186, 14, 27),
(187, 20, 27),
(188, 21, 27),
(189, 22, 27),
(190, 1, 28),
(191, 2, 28),
(192, 8, 28),
(193, 14, 28),
(194, 20, 28),
(195, 21, 28),
(196, 22, 28),
(197, 1, 29),
(198, 2, 29),
(199, 8, 29),
(200, 14, 29),
(201, 20, 29),
(202, 21, 29),
(203, 22, 29),
(204, 1, 30),
(205, 2, 30),
(206, 8, 30),
(207, 14, 30),
(208, 20, 30),
(209, 21, 30),
(210, 22, 30),
(211, 1, 31),
(212, 2, 31),
(213, 8, 31),
(214, 14, 31),
(215, 20, 31),
(216, 21, 31),
(217, 22, 31),
(225, 22, 33),
(226, 20, 33),
(227, 1, 33),
(228, 2, 33),
(229, 8, 33),
(230, 14, 33),
(231, 21, 33),
(232, 1, 34),
(233, 2, 34),
(234, 8, 34),
(235, 14, 34),
(236, 20, 34),
(237, 21, 34),
(238, 22, 34),
(239, 21, 35),
(240, 22, 35),
(241, 1, 35),
(242, 2, 35),
(243, 8, 35),
(244, 14, 35),
(245, 20, 35),
(246, 1, 36),
(247, 2, 36),
(248, 8, 36),
(249, 14, 36),
(250, 20, 36),
(251, 21, 36),
(252, 22, 36),
(253, 1, 37),
(254, 2, 37),
(255, 8, 37),
(256, 14, 37),
(257, 20, 37),
(258, 21, 37),
(259, 22, 37),
(260, 1, 38),
(261, 2, 38),
(262, 8, 38),
(263, 14, 38),
(264, 20, 38),
(265, 21, 38),
(266, 22, 38),
(267, 1, 39),
(268, 2, 39),
(269, 8, 39),
(270, 14, 39),
(271, 20, 39),
(272, 21, 39),
(273, 22, 39),
(274, 1, 40),
(275, 2, 40),
(276, 8, 40),
(277, 14, 40),
(278, 20, 40),
(279, 21, 40),
(280, 22, 40),
(281, 1, 41),
(282, 2, 41),
(283, 8, 41),
(284, 14, 41),
(285, 20, 41),
(286, 21, 41),
(287, 22, 41),
(288, 1, 42),
(289, 2, 42),
(290, 8, 42),
(291, 14, 42),
(292, 20, 42),
(293, 21, 42),
(294, 22, 42),
(295, 1, 43),
(296, 2, 43),
(297, 8, 43),
(298, 14, 43),
(299, 20, 43),
(300, 21, 43),
(301, 22, 43),
(302, 22, 44),
(303, 21, 44),
(304, 1, 44),
(305, 2, 44),
(306, 8, 44),
(307, 14, 44),
(308, 20, 44),
(309, 22, 45),
(310, 21, 45),
(311, 14, 45),
(312, 20, 45),
(313, 2, 45),
(314, 1, 45),
(315, 8, 45),
(316, 22, 46),
(317, 20, 46),
(318, 1, 46),
(319, 2, 46),
(320, 8, 46),
(321, 14, 46),
(322, 21, 46),
(323, 22, 47),
(324, 21, 47),
(325, 1, 47),
(326, 2, 47),
(327, 8, 47),
(328, 14, 47),
(329, 20, 47),
(330, 22, 48),
(331, 21, 48),
(332, 1, 48),
(333, 2, 48),
(334, 8, 48),
(335, 14, 48),
(336, 20, 48),
(337, 1, 49),
(338, 2, 49),
(339, 8, 49),
(340, 14, 49),
(341, 20, 49),
(342, 21, 49),
(343, 22, 49),
(344, 1, 50),
(345, 2, 50),
(346, 8, 50),
(347, 14, 50),
(348, 20, 50),
(349, 21, 50),
(350, 22, 50),
(351, 1, 51),
(352, 2, 51),
(353, 8, 51),
(354, 14, 51),
(355, 20, 51),
(356, 21, 51),
(357, 22, 51),
(358, 1, 52),
(359, 2, 52),
(360, 8, 52),
(361, 14, 52),
(362, 20, 52),
(363, 21, 52),
(364, 22, 52),
(365, 1, 53),
(366, 2, 53),
(367, 8, 53),
(368, 14, 53),
(369, 20, 53),
(370, 21, 53),
(371, 22, 53),
(372, 1, 54),
(373, 2, 54),
(374, 8, 54),
(375, 14, 54),
(376, 20, 54),
(377, 21, 54),
(378, 22, 54),
(379, 1, 55),
(380, 2, 55),
(381, 8, 55),
(382, 14, 55),
(383, 20, 55),
(384, 21, 55),
(385, 22, 55),
(386, 1, 56),
(387, 2, 56),
(388, 8, 56),
(389, 14, 56),
(390, 20, 56),
(391, 21, 56),
(392, 22, 56),
(393, 1, 57),
(394, 2, 57),
(395, 8, 57),
(396, 14, 57),
(397, 20, 57),
(398, 21, 57),
(399, 22, 57),
(407, 1, 59),
(408, 2, 59),
(409, 8, 59),
(410, 14, 59),
(411, 20, 59),
(412, 21, 59),
(413, 22, 59),
(414, 1, 60),
(415, 2, 60),
(416, 8, 60),
(417, 14, 60),
(418, 20, 60),
(419, 21, 60),
(420, 22, 60),
(421, 1, 61),
(422, 2, 61),
(423, 8, 61),
(424, 14, 61),
(425, 20, 61),
(426, 21, 61),
(427, 22, 61),
(428, 1, 62),
(429, 2, 62),
(430, 8, 62),
(431, 14, 62),
(432, 20, 62),
(433, 21, 62),
(434, 22, 62),
(435, 1, 63),
(436, 2, 63),
(437, 8, 63),
(438, 14, 63),
(439, 20, 63),
(440, 21, 63),
(441, 22, 63),
(442, 1, 64),
(443, 2, 64),
(444, 8, 64),
(445, 14, 64),
(446, 20, 64),
(447, 21, 64),
(448, 22, 64),
(449, 1, 65),
(450, 2, 65),
(451, 8, 65),
(452, 14, 65),
(453, 20, 65),
(454, 21, 65),
(455, 22, 65),
(456, 1, 66),
(457, 2, 66),
(458, 8, 66),
(459, 14, 66),
(460, 20, 66),
(461, 21, 66),
(462, 22, 66),
(463, 1, 67),
(464, 2, 67),
(465, 8, 67),
(466, 14, 67),
(467, 20, 67),
(468, 21, 67),
(469, 22, 67),
(470, 1, 68),
(471, 2, 68),
(472, 8, 68),
(473, 14, 68),
(474, 20, 68),
(475, 21, 68),
(476, 22, 68),
(477, 1, 69),
(478, 2, 69),
(479, 8, 69),
(480, 14, 69),
(481, 20, 69),
(482, 21, 69),
(483, 22, 69),
(484, 1, 70),
(485, 2, 70),
(486, 8, 70),
(487, 14, 70),
(488, 20, 70),
(489, 21, 70),
(490, 22, 70),
(491, 22, 71),
(492, 20, 71),
(493, 1, 71),
(494, 2, 71),
(495, 8, 71),
(496, 14, 71),
(497, 21, 71),
(498, 1, 72),
(499, 2, 72),
(500, 8, 72),
(501, 14, 72),
(502, 20, 72),
(503, 21, 72),
(504, 22, 72),
(505, 1, 73),
(506, 2, 73),
(507, 8, 73),
(508, 14, 73),
(509, 20, 73),
(510, 21, 73),
(511, 22, 73),
(512, 1, 74),
(513, 2, 74),
(514, 8, 74),
(515, 14, 74),
(516, 20, 74),
(517, 21, 74),
(518, 22, 74),
(519, 1, 75),
(520, 2, 75),
(521, 8, 75),
(522, 14, 75),
(523, 20, 75),
(524, 21, 75),
(525, 22, 75),
(526, 1, 76),
(527, 2, 76),
(528, 8, 76),
(529, 14, 76),
(530, 20, 76),
(531, 21, 76),
(532, 22, 76),
(533, 1, 77),
(534, 2, 77),
(535, 8, 77),
(536, 14, 77),
(537, 20, 77),
(538, 21, 77),
(539, 22, 77),
(540, 1, 78),
(541, 2, 78),
(542, 8, 78),
(543, 14, 78),
(544, 20, 78),
(545, 21, 78),
(546, 22, 78),
(547, 1, 79),
(548, 2, 79),
(549, 8, 79),
(550, 14, 79),
(551, 20, 79),
(552, 21, 79),
(553, 22, 79),
(554, 1, 80),
(555, 2, 80),
(556, 8, 80),
(557, 14, 80),
(558, 20, 80),
(559, 21, 80),
(560, 22, 80),
(561, 3, 5),
(562, 3, 6),
(563, 3, 2),
(564, 3, 11),
(565, 3, 13),
(566, 3, 23),
(567, 3, 16),
(568, 3, 18),
(569, 3, 17),
(570, 1, 81),
(571, 2, 81),
(572, 8, 81),
(573, 14, 81),
(574, 20, 81),
(575, 21, 81),
(576, 22, 81),
(577, 1, 82),
(578, 2, 82),
(579, 8, 82),
(580, 14, 82),
(581, 20, 82),
(582, 21, 82),
(583, 22, 82),
(584, 1, 83),
(585, 2, 83),
(586, 8, 83),
(587, 14, 83),
(588, 20, 83),
(589, 21, 83),
(590, 22, 83),
(591, 1, 84),
(592, 2, 84),
(593, 8, 84),
(594, 14, 84),
(595, 20, 84),
(596, 21, 84),
(597, 22, 84),
(598, 1, 85),
(599, 2, 85),
(600, 8, 85),
(601, 14, 85),
(602, 20, 85),
(603, 21, 85),
(604, 22, 85),
(605, 1, 86),
(606, 2, 86),
(607, 8, 86),
(608, 14, 86),
(609, 20, 86),
(610, 21, 86),
(611, 22, 86),
(612, 1, 87),
(613, 2, 87),
(614, 8, 87),
(615, 20, 87),
(616, 14, 87),
(617, 21, 87),
(618, 22, 87),
(619, 1, 88),
(620, 2, 88),
(621, 8, 88),
(622, 14, 88),
(623, 20, 88),
(624, 21, 88),
(625, 22, 88),
(626, 1, 89),
(627, 2, 89),
(628, 8, 89),
(629, 14, 89),
(630, 20, 89),
(631, 21, 89),
(632, 22, 89),
(633, 1, 90),
(634, 2, 90),
(635, 8, 90),
(636, 14, 90),
(637, 20, 90),
(638, 21, 90),
(639, 22, 90),
(640, 1, 91),
(641, 2, 91),
(642, 8, 91),
(643, 14, 91),
(644, 20, 91),
(645, 21, 91),
(646, 22, 91),
(647, 1, 92),
(648, 2, 92),
(649, 8, 92),
(650, 14, 92),
(651, 20, 92),
(652, 21, 92),
(653, 22, 92);

-- --------------------------------------------------------

--
-- Table structure for table `agrupacion`
--

CREATE TABLE `agrupacion` (
  `id_agrupacion` int(11) NOT NULL,
  `nombre_agrupacion` varchar(255) NOT NULL
) ENGINE=InnoDB DEFAULT CHARSET=latin1;

-- --------------------------------------------------------

--
-- Table structure for table `agrupacion_imagen`
--

CREATE TABLE `agrupacion_imagen` (
  `id_agrupacion_imagen` int(11) NOT NULL,
  `id_agrupacion` int(11) NOT NULL,
  `id_imagen` int(11) NOT NULL
) ENGINE=InnoDB DEFAULT CHARSET=latin1;

-- --------------------------------------------------------

--
-- Table structure for table `ano_escolar`
--

CREATE TABLE `ano_escolar` (
  `id_ano_escolar` int(11) NOT NULL,
  `fecha_inicio` date NOT NULL,
  `fecha_fin` date NOT NULL,
  `estatus` char(1) NOT NULL,
  `denominacion` varchar(9) NOT NULL
) ENGINE=InnoDB DEFAULT CHARSET=latin1;

--
-- Dumping data for table `ano_escolar`
--

INSERT INTO `ano_escolar` (`id_ano_escolar`, `fecha_inicio`, `fecha_fin`, `estatus`, `denominacion`) VALUES
(1, '2016-09-12', '2017-07-28', 'I', '2016-2017');

-- --------------------------------------------------------

--
-- Table structure for table `area`
--

CREATE TABLE `area` (
  `id_area` int(11) NOT NULL,
  `nombre_area` varchar(25) NOT NULL
) ENGINE=InnoDB DEFAULT CHARSET=latin1;

--
-- Dumping data for table `area`
--

INSERT INTO `area` (`id_area`, `nombre_area`) VALUES
(1, 'LANGUAGE ARTS'),
(2, 'MATHEMATICS');

-- --------------------------------------------------------

--
-- Table structure for table `asignacion_funcion`
--

CREATE TABLE `asignacion_funcion` (
  `id_asignacion_funcion` int(11) NOT NULL,
  `id_funcion_usuario` int(11) NOT NULL,
  `id_tipo_usuario` int(11) NOT NULL
) ENGINE=InnoDB DEFAULT CHARSET=utf8 COLLATE=utf8_spanish2_ci;

--
-- Dumping data for table `asignacion_funcion`
--

INSERT INTO `asignacion_funcion` (`id_asignacion_funcion`, `id_funcion_usuario`, `id_tipo_usuario`) VALUES
(1, 1, 1),
(2, 14, 2),
(3, 13, 2),
(4, 1, 2),
(5, 10, 2),
(6, 7, 2),
(7, 11, 2),
(8, 16, 3),
(10, 14, 3),
(11, 13, 3),
(12, 1, 3),
(13, 3, 3),
(14, 4, 3),
(15, 5, 3),
(16, 6, 3),
(17, 10, 3),
(18, 7, 3),
(19, 2, 3),
(21, 11, 3),
(22, 8, 3),
(25, 9, 3),
(27, 12, 3),
(28, 15, 3),
(29, 14, 4),
(30, 13, 4),
(31, 1, 4),
(32, 3, 4),
(33, 4, 4),
(34, 5, 4),
(35, 6, 4),
(36, 10, 4),
(37, 7, 4),
(38, 2, 4),
(39, 11, 4),
(40, 8, 4),
(41, 9, 4),
(46, 12, 4);

-- --------------------------------------------------------

--
-- Table structure for table `bitacora`
--

CREATE TABLE `bitacora` (
  `id_bitacora` int(11) NOT NULL,
  `tabla_bitacora` varchar(30) COLLATE utf8_spanish2_ci NOT NULL,
  `operacion_bitacora` varchar(9) COLLATE utf8_spanish2_ci NOT NULL,
  `fecha_bitacora` date NOT NULL,
  `hora_bitacora` time NOT NULL,
  `detalle_bitacora` varchar(10) COLLATE utf8_spanish2_ci NOT NULL,
  `id_usuario` int(11) NOT NULL
) ENGINE=InnoDB DEFAULT CHARSET=utf8 COLLATE=utf8_spanish2_ci;

--
-- Dumping data for table `bitacora`
--

INSERT INTO `bitacora` (`id_bitacora`, `tabla_bitacora`, `operacion_bitacora`, `fecha_bitacora`, `hora_bitacora`, `detalle_bitacora`, `id_usuario`) VALUES
(1, 'discapacidad_funcional', 'ELIMINAR', '2016-05-17', '09:14:59', '5', 1),
(2, 'discapacidad_funcional', 'INCLUIR', '2016-05-17', '09:15:32', 'AUDITIVA (', 1),
(3, 'municipio', 'MODIFICAR', '2016-05-17', '09:16:24', '1', 0),
(4, 'municipio', 'MODIFICAR', '2016-05-17', '09:18:16', '1', 0),
(5, 'estudiante', 'MODIFICAR', '2016-05-17', '09:20:03', '1, 2135684', 1),
(6, 'estudiante', 'ELIMINAR', '2016-05-17', '09:20:15', '1', 1),
(7, 'estudiante', 'INCLUIR', '2016-05-17', '09:41:51', '2, 2245674', 1),
(8, 'seccion', 'INCLUIR', '2016-05-17', '09:46:26', 'B, 1', 1),
(9, 'docente_seccion', 'INCLUIR', '2016-05-17', '09:46:48', ' ', 1),
(10, 'docente_seccion', 'MODIFICAR', '2016-05-17', '09:48:26', ' ', 1),
(11, 'estudiante_seccion', 'INCLUIR', '2016-05-17', '09:48:58', ' ', 1),
(12, 'estudiante_seccion', 'MODIFICAR', '2016-05-17', '09:50:53', ' ', 1),
(13, 'estudiante_seccion', 'MODIFICAR', '2016-05-17', '09:51:17', ' ', 1),
(14, 'contenido', 'INCLUIR', '2016-05-17', '09:53:24', 'FRUTAS', 1),
(15, 'contenido', 'INCLUIR', '2016-05-17', '09:53:37', 'FIGURAS GE', 1),
(16, 'contenido', 'ELIMINAR', '2016-05-17', '09:55:10', '1', 1),
(17, 'contenido', 'INCLUIR', '2016-05-17', '09:55:19', 'FRUTAS', 1),
(18, 'contenido', 'ELIMINAR', '2016-05-17', '09:55:27', '2', 1),
(19, 'contenido', 'INCLUIR', '2016-05-17', '09:56:13', 'FIGURAS GE', 1),
(20, 'municipio', 'MODIFICAR', '2016-05-17', '10:29:38', '1', 0),
(21, 'municipio', 'INCLUIR', '2016-05-17', '10:31:45', '14, HGFGJY', 1),
(22, 'imagen', 'INCLUIR', '2016-05-17', '12:02:33', '1, AGUACAT', 1),
(23, 'imagen', 'INCLUIR', '2016-05-17', '12:04:33', '2, AGUACAT', 1),
(24, 'imagen', 'INCLUIR', '2016-05-17', '12:05:40', '3, CAMBUR,', 1),
(25, 'imagen', 'INCLUIR', '2016-05-17', '12:08:18', '4, COCO, ,', 1),
(26, 'contenido', 'INCLUIR', '2016-05-26', '13:52:54', '', 2),
(27, 'imagen', 'INCLUIR', '2016-05-26', '13:54:21', '1, ABUELOS', 2),
(28, 'imagen', 'INCLUIR', '2016-05-26', '13:55:40', '2, AGUACAT', 2),
(29, 'contenido', 'INCLUIR', '2016-05-26', '13:56:11', 'COLORES', 2),
(30, 'contenido', 'INCLUIR', '2016-05-26', '13:56:21', 'MEDIOS DE ', 2),
(31, 'contenido', 'INCLUIR', '2016-05-26', '13:56:36', 'ANIMALES', 2),
(32, 'imagen', 'INCLUIR', '2016-05-26', '13:57:32', '3, AMARILL', 2),
(33, 'imagen', 'INCLUIR', '2016-05-26', '13:58:25', '4, ANARANJ', 2),
(34, 'imagen', 'INCLUIR', '2016-05-26', '14:01:05', '5, AUTOBUS', 2),
(35, 'imagen', 'INCLUIR', '2016-05-26', '14:02:03', '6, AVIÓN, ', 2),
(36, 'imagen', 'INCLUIR', '2016-05-26', '14:02:57', '7, AZUL, ,', 2),
(37, 'imagen', 'INCLUIR', '2016-05-26', '14:04:21', '8, BALLENA', 2),
(38, 'imagen', 'INCLUIR', '2016-05-26', '14:05:25', '9, BICICLE', 2),
(39, 'imagen', 'INCLUIR', '2016-05-26', '14:06:21', '10, BLANCO', 2),
(40, 'imagen', 'INCLUIR', '2016-05-26', '14:07:47', '11, CABALL', 2),
(41, 'imagen', 'INCLUIR', '2016-05-26', '14:09:10', '12, CAMBUR', 2),
(42, 'imagen', 'INCLUIR', '2016-05-26', '14:14:06', '13, CARRO,', 2),
(43, 'imagen', 'INCLUIR', '2016-05-26', '14:19:21', '14, CIRCUL', 2),
(44, 'imagen', 'INCLUIR', '2016-05-26', '14:20:15', '15, COCO, ', 2),
(45, 'imagen', 'INCLUIR', '2016-05-26', '14:21:28', '16, CONEJO', 2),
(46, 'imagen', 'INCLUIR', '2016-05-26', '14:22:58', '17, CUADRA', 2),
(47, 'imagen', 'INCLUIR', '2016-05-26', '14:24:03', '18, ELEFAN', 2),
(48, 'imagen', 'INCLUIR', '2016-05-26', '14:25:02', '19, GALLIN', 2),
(49, 'imagen', 'INCLUIR', '2016-05-26', '14:25:58', '20, GRIS, ', 2),
(50, 'imagen', 'INCLUIR', '2016-05-26', '14:27:06', '21, GUAYAB', 2),
(51, 'imagen', 'INCLUIR', '2016-05-26', '14:28:12', '22, HELICO', 2),
(52, 'imagen', 'INCLUIR', '2016-05-26', '14:33:37', '23, LECHOZ', 2),
(53, 'imagen', 'INCLUIR', '2016-05-26', '14:35:07', '24, LEÓN, ', 2),
(54, 'imagen', 'INCLUIR', '2016-05-26', '14:36:20', '25, LIMÓN,', 2),
(55, 'imagen', 'INCLUIR', '2016-05-26', '14:37:15', '26, MAMÁ, ', 2),
(56, 'imagen', 'INCLUIR', '2016-05-26', '14:38:33', '27, MAMÓN,', 2),
(57, 'imagen', 'INCLUIR', '2016-05-26', '14:39:36', '28, MANZAN', 2),
(58, 'imagen', 'INCLUIR', '2016-05-26', '14:40:33', '29, MARRÓN', 2),
(59, 'imagen', 'INCLUIR', '2016-05-26', '14:44:23', '30, MORADO', 2),
(60, 'imagen', 'INCLUIR', '2016-05-26', '14:45:14', '31, MOTO, ', 2),
(61, 'imagen', 'INCLUIR', '2016-05-26', '14:46:12', '32, ANARAN', 2),
(62, 'imagen', 'INCLUIR', '2016-05-26', '14:48:32', '33, NARANJ', 2),
(63, 'imagen', 'INCLUIR', '2016-05-26', '14:49:23', '34, NEGRO,', 2),
(64, 'imagen', 'INCLUIR', '2016-05-26', '14:50:22', '35, PALOMA', 2),
(65, 'imagen', 'INCLUIR', '2016-05-26', '14:51:22', '36, PAPÁ, ', 2),
(66, 'imagen', 'INCLUIR', '2016-05-26', '14:53:44', '37, PATILL', 2),
(67, 'imagen', 'INCLUIR', '2016-05-26', '14:55:06', '38, PEZ, ,', 2),
(68, 'imagen', 'INCLUIR', '2016-05-26', '14:56:51', '39, POLLIT', 2),
(69, 'imagen', 'INCLUIR', '2016-05-26', '14:57:43', '40, ROJO, ', 2),
(70, 'imagen', 'INCLUIR', '2016-05-26', '14:59:04', '41, ROSADO', 2),
(71, 'imagen', 'INCLUIR', '2016-05-26', '15:00:38', '42, TIBURÓ', 2),
(72, 'imagen', 'INCLUIR', '2016-05-26', '15:01:34', '43, TREN, ', 2),
(73, 'imagen', 'INCLUIR', '2016-05-26', '15:02:40', '44, TRIÁNG', 2),
(74, 'imagen', 'INCLUIR', '2016-05-26', '15:03:29', '45, VERDE,', 2),
(75, 'contenido', 'INCLUIR', '2016-06-02', '09:35:30', 'MANOS SIEM', 2),
(76, 'docente', 'INCLUIR', '2016-06-02', '09:54:58', '2, 1127513', 2),
(77, 'estudiante', 'INCLUIR', '2016-06-02', '09:57:52', '3, 1127959', 2),
(78, 'estudiante', 'INCLUIR', '2016-06-02', '09:59:45', '5, 1127959', 2),
(79, 'docente_seccion', 'INCLUIR', '2016-06-02', '10:00:27', ' ', 2),
(80, 'estudiante_seccion', 'INCLUIR', '2016-06-02', '10:00:56', ' ', 2),
(81, 'imagen', 'INCLUIR', '2016-06-02', '10:02:31', '46, COSECH', 2),
(82, 'imagen', 'INCLUIR', '2016-06-02', '10:03:20', '47, COSECH', 2),
(83, 'imagen', 'INCLUIR', '2016-06-02', '10:04:15', '48, COSECH', 2),
(84, 'imagen', 'INCLUIR', '2016-06-02', '10:05:04', '49, COSECH', 2),
(85, 'imagen', 'INCLUIR', '2016-06-02', '10:06:05', '50, MANTEN', 2),
(86, 'imagen', 'INCLUIR', '2016-06-02', '10:07:25', '51, BERENJ', 2),
(87, 'imagen', 'INCLUIR', '2016-06-02', '10:08:40', '52, CEBOLL', 2),
(88, 'imagen', 'INCLUIR', '2016-06-02', '10:09:29', '53, CILANT', 2),
(89, 'imagen', 'INCLUIR', '2016-06-02', '10:10:13', '54, LECHOZ', 2),
(90, 'imagen', 'INCLUIR', '2016-06-02', '10:11:00', '55, LECHUG', 2),
(91, 'imagen', 'INCLUIR', '2016-06-02', '10:11:49', '56, LECHUG', 2),
(92, 'imagen', 'INCLUIR', '2016-06-02', '10:12:28', '57, MANÍ, ', 2),
(93, 'imagen', 'INCLUIR', '2016-06-02', '10:13:40', '58, PIMENT', 2),
(94, 'imagen', 'INCLUIR', '2016-06-02', '10:14:20', '59, PIMENT', 2),
(95, 'imagen', 'INCLUIR', '2016-06-02', '10:14:58', '60, RIEGO,', 2),
(96, 'imagen', 'INCLUIR', '2016-06-02', '10:15:37', '61, SIEMBR', 2),
(97, 'imagen', 'INCLUIR', '2016-06-02', '10:16:16', '62, SIEMBR', 2),
(98, 'imagen', 'INCLUIR', '2016-06-02', '10:16:56', '63, SIEMBR', 2),
(99, 'imagen', 'INCLUIR', '2016-06-02', '10:17:35', '64, SURCAS', 2),
(100, 'imagen', 'INCLUIR', '2016-06-02', '10:18:45', '65, SURCOS', 2),
(101, 'imagen', 'INCLUIR', '2016-06-02', '10:19:39', '66, SURCOS', 2),
(102, 'imagen', 'INCLUIR', '2016-06-02', '10:20:18', '67, SURCOS', 2),
(103, 'imagen', 'INCLUIR', '2016-06-02', '10:21:09', '68, TERREN', 2),
(104, 'imagen', 'INCLUIR', '2016-06-02', '10:21:47', '69, TERREN', 2),
(105, 'imagen', 'INCLUIR', '2016-06-02', '10:22:58', '70, TERREN', 2),
(106, 'contenido', 'INCLUIR', '2016-06-05', '10:36:17', 'MANOS SIEM', 2),
(107, 'imagen', 'INCLUIR', '2016-06-05', '10:37:46', '71, COSECH', 2),
(108, 'imagen', 'INCLUIR', '2016-06-05', '10:38:46', '72, COSECH', 2),
(109, 'imagen', 'INCLUIR', '2016-06-05', '10:39:47', '73, MANTEN', 2),
(110, 'imagen', 'INCLUIR', '2016-06-05', '10:41:24', '74, MANTEN', 2),
(111, 'imagen', 'INCLUIR', '2016-06-05', '10:42:14', '75, RIEGO,', 2),
(112, 'imagen', 'INCLUIR', '2016-06-05', '10:43:12', '76, SURCOS', 2),
(113, 'imagen', 'INCLUIR', '2016-06-05', '10:44:05', '77, SURCOS', 2),
(114, 'imagen', 'INCLUIR', '2016-06-05', '10:44:57', '78, TERREN', 2),
(115, 'imagen', 'INCLUIR', '2016-06-05', '10:47:26', '79, TERREN', 2),
(116, 'imagen', 'INCLUIR', '2016-06-05', '10:48:32', '80, TERREN', 2),
(117, 'estudiante', 'MODIFICAR', '2016-06-17', '11:36:45', '3, 1127959', 2),
(118, 'estudiante', 'INCLUIR', '2016-06-17', '11:38:48', '6, 1127959', 2),
(119, 'municipio', 'MODIFICAR', '2016-06-17', '11:50:01', '1', 0),
(120, 'municipio', 'MODIFICAR', '2016-06-17', '11:57:11', '1, 1, ALTO', 1),
(121, 'estudiante', 'INCLUIR', '2016-06-17', '12:03:53', '7, 2345555', 1),
(122, 'estudiante', 'MODIFICAR', '2016-06-17', '12:10:04', '2, 2245674', 1),
(123, 'docente', 'INCLUIR', '2016-06-17', '12:20:38', '3, 3433333', 1),
(124, 'municipio', 'MODIFICAR', '2016-06-21', '12:15:30', '1', 0),
(125, 'municipio', 'MODIFICAR', '2016-06-21', '12:19:27', '1', 0),
(126, 'municipio', 'MODIFICAR', '2016-06-21', '12:21:34', '1, 4, AUTA', 1),
(127, 'municipio', 'MODIFICAR', '2016-06-21', '12:22:01', '1, 4, AUTA', 1),
(128, 'estudiante', 'INCLUIR', '2016-06-23', '09:46:58', '8, 8999999', 1),
(129, 'estudiante', 'INCLUIR', '2016-06-23', '10:05:59', '9, 6787879', 1),
(130, 'estudiante', 'INCLUIR', '2016-06-23', '10:13:39', '10, 678909', 1),
(131, 'imagen', 'MODIFICAR', '2016-06-30', '11:30:59', '5, AUTOBUS', 2),
(132, 'imagen', 'MODIFICAR', '2016-06-30', '11:32:58', '6, AVIÓN, ', 2),
(133, 'imagen', 'MODIFICAR', '2016-06-30', '11:36:25', '2, AGUACAT', 2),
(134, 'imagen', 'MODIFICAR', '2016-06-30', '11:37:00', '2, AGUACAT', 2),
(135, 'imagen', 'MODIFICAR', '2016-06-30', '11:37:38', '11, CABALL', 2),
(136, 'imagen', 'MODIFICAR', '2016-06-30', '11:38:19', '13, CARRO,', 2),
(137, 'imagen', 'MODIFICAR', '2016-06-30', '11:39:24', '23, LECHOZ', 2),
(138, 'imagen', 'MODIFICAR', '2016-06-30', '11:41:37', '16, CONEJO', 2),
(139, 'imagen', 'MODIFICAR', '2016-06-30', '11:42:24', '18, ELEFAN', 2),
(140, 'imagen', 'MODIFICAR', '2016-06-30', '11:43:21', '17, CUADRA', 2),
(141, 'tele_code', 'INCLUDE', '2016-11-06', '21:26:59', '0784', 1),
(142, 'content', 'INCLUDE', '2016-11-08', '18:43:09', 'INDEPENDEN', 1),
(143, 'image', 'INCLUDE', '2016-11-08', '18:43:50', '81, FLAG, ', 1),
(144, 'image', 'UPDATE', '2010-05-06', '00:16:48', '57, PEANUT', 1),
(145, 'image', 'UPDATE', '2017-01-13', '21:10:24', '81, FLAG, ', 1),
(146, 'image', 'UPDATE', '2017-01-13', '21:12:34', '51, EGGPLA', 1),
(147, 'image', 'UPDATE', '2017-01-15', '20:19:00', '58, PEPPER', 1),
(148, 'image', 'DELETE', '2017-01-15', '20:20:03', '58, PEPPER', 1),
(149, 'image', 'UPDATE', '2017-01-15', '20:23:25', '59, PEPPER', 1),
(150, 'image', 'UPDATE', '2017-01-15', '20:25:50', '59, PEPPER', 1),
(151, 'image', 'UPDATE', '2017-01-15', '20:27:24', '59, PEPPER', 1),
(152, 'image', 'UPDATE', '2017-01-16', '20:17:13', '31, MOTO, ', 1),
(153, 'image', 'UPDATE', '2017-01-16', '20:23:07', '31, MOTO, ', 1),
(154, 'image', 'INCLUDE', '2017-01-16', '20:28:05', '82, MOTO, ', 1),
(155, 'image', 'UPDATE', '2017-01-16', '20:30:51', '82, MOTO B', 1),
(156, 'image', 'INCLUDE', '2017-01-16', '20:33:38', '83, FLAG, ', 1),
(157, 'image', 'INCLUDE', '2017-01-16', '21:08:30', '84, EATING', 1),
(158, 'image', 'INCLUDE', '2017-01-16', '21:11:07', '85, JUMPIN', 1),
(159, 'image', 'INCLUDE', '2017-01-16', '21:21:04', '86, SLEEPI', 1),
(160, 'image', 'INCLUDE', '2017-01-16', '21:25:57', '87, CRYING', 1),
(161, 'image', 'INCLUDE', '2017-01-16', '21:27:57', '88, TRUCK,', 1),
(162, 'image', 'INCLUDE', '2017-01-16', '21:30:51', '89, POLICE', 1),
(163, 'image', 'INCLUDE', '2017-01-16', '21:32:48', '90, NURSE,', 1),
(164, 'image', 'INCLUDE', '2017-01-16', '21:51:56', '91, PEPPER', 1),
(165, 'image', 'INCLUDE', '2017-01-16', '21:54:02', '92, PEPPER', 1);

-- --------------------------------------------------------

--
-- Table structure for table `codigo_tele`
--

CREATE TABLE `codigo_tele` (
  `id_codigo_tele` int(11) NOT NULL,
  `opcion_codigo` int(4) NOT NULL
) ENGINE=InnoDB DEFAULT CHARSET=latin1;

--
-- Dumping data for table `codigo_tele`
--

INSERT INTO `codigo_tele` (`id_codigo_tele`, `opcion_codigo`) VALUES
(1, 212),
(2, 254),
(3, 412),
(4, 414),
(5, 416),
(6, 424),
(7, 426),
(8, 784);

-- --------------------------------------------------------

--
-- Table structure for table `contenido`
--

CREATE TABLE `contenido` (
  `id_contenido` int(11) NOT NULL,
  `nombre_contenido` varchar(100) COLLATE utf8_spanish2_ci NOT NULL
) ENGINE=InnoDB DEFAULT CHARSET=utf8 COLLATE=utf8_spanish2_ci;

--
-- Dumping data for table `contenido`
--

INSERT INTO `contenido` (`id_contenido`, `nombre_contenido`) VALUES
(1, 'FRUITS'),
(2, 'GEOMETRIC FIGURES'),
(3, 'FAMILY'),
(4, 'COLOURES'),
(5, 'MEANS OF TRANSPORT'),
(6, 'ANIMALES'),
(7, 'MANOS SIEMBRA DAL'),
(8, 'MANOS SIEMBRA SAN FELIPE'),
(9, 'INDEPENDENCE');

-- --------------------------------------------------------

--
-- Table structure for table `contenido_imagen`
--

CREATE TABLE `contenido_imagen` (
  `id_contenido_imagen` int(11) NOT NULL,
  `id_contenido` int(11) NOT NULL,
  `id_imagen` int(11) NOT NULL
) ENGINE=InnoDB DEFAULT CHARSET=utf8 COLLATE=utf8_spanish2_ci;

--
-- Dumping data for table `contenido_imagen`
--

INSERT INTO `contenido_imagen` (`id_contenido_imagen`, `id_contenido`, `id_imagen`) VALUES
(1, 3, 1),
(2, 1, 2),
(3, 4, 3),
(4, 4, 4),
(5, 5, 5),
(6, 5, 6),
(7, 4, 7),
(8, 6, 8),
(9, 5, 9),
(10, 4, 10),
(11, 6, 11),
(12, 1, 12),
(13, 5, 13),
(14, 2, 14),
(15, 1, 15),
(16, 6, 16),
(17, 2, 17),
(18, 6, 18),
(19, 6, 19),
(20, 4, 20),
(21, 1, 21),
(22, 5, 22),
(23, 1, 23),
(24, 6, 24),
(25, 1, 25),
(26, 3, 26),
(27, 1, 27),
(28, 1, 28),
(29, 4, 29),
(30, 4, 30),
(31, 5, 31),
(33, 1, 33),
(34, 4, 34),
(35, 6, 35),
(36, 3, 36),
(37, 1, 37),
(38, 6, 38),
(39, 6, 39),
(40, 4, 40),
(41, 4, 41),
(42, 6, 42),
(43, 5, 43),
(44, 2, 44),
(45, 4, 45),
(46, 7, 46),
(47, 7, 47),
(48, 7, 48),
(49, 7, 49),
(50, 7, 50),
(51, 7, 51),
(52, 7, 52),
(53, 7, 53),
(54, 7, 54),
(55, 7, 55),
(56, 7, 56),
(57, 7, 57),
(59, 7, 59),
(60, 7, 60),
(61, 7, 61),
(62, 7, 62),
(63, 7, 63),
(64, 7, 64),
(65, 7, 65),
(66, 7, 66),
(67, 7, 67),
(68, 7, 68),
(69, 7, 69),
(70, 7, 70),
(71, 8, 71),
(72, 8, 72),
(73, 8, 73),
(74, 8, 74),
(75, 8, 75),
(76, 8, 76),
(77, 8, 77),
(78, 8, 78),
(79, 8, 79),
(80, 8, 80),
(81, 9, 81),
(82, 5, 82),
(83, 9, 83),
(84, 3, 84),
(85, 3, 85),
(86, 6, 86),
(87, 3, 87),
(88, 5, 88),
(89, 3, 89),
(90, 3, 90),
(91, 1, 91),
(92, 8, 91),
(93, 8, 92);

-- --------------------------------------------------------

--
-- Table structure for table `discapacidad`
--

CREATE TABLE `discapacidad` (
  `id_discapacidad` int(11) NOT NULL,
  `nombre_discapacidad` varchar(30) NOT NULL
) ENGINE=InnoDB DEFAULT CHARSET=latin1;

--
-- Dumping data for table `discapacidad`
--

INSERT INTO `discapacidad` (`id_discapacidad`, `nombre_discapacidad`) VALUES
(1, 'NINGUNA'),
(2, 'AUDITIVA'),
(3, 'COGNITIVA'),
(4, 'MOTORA'),
(6, 'SORDO CIEGOS'),
(7, 'AUDITIVA (SORDO PROFUNDO');

-- --------------------------------------------------------

--
-- Table structure for table `docente`
--

CREATE TABLE `docente` (
  `id_docente` int(11) NOT NULL,
  `cedula` varchar(8) NOT NULL,
  `nombre` varchar(40) NOT NULL,
  `apellido` varchar(40) NOT NULL,
  `estatus` char(1) NOT NULL,
  `id_usuario` int(11) NOT NULL
) ENGINE=InnoDB DEFAULT CHARSET=latin1;

--
-- Dumping data for table `docente`
--

INSERT INTO `docente` (`id_docente`, `cedula`, `nombre`, `apellido`, `estatus`, `id_usuario`) VALUES
(1, '13985643', 'JUSELLY', 'SUBERO LOPEZ', 'A', 2),
(2, '11275131', 'OLDEANA', 'CORDERO', 'A', 3),
(3, '34333333', 'JAESON', 'BOWENS', 'A', 4);

-- --------------------------------------------------------

--
-- Table structure for table `docente_seccion`
--

CREATE TABLE `docente_seccion` (
  `id_docente_seccion` int(11) NOT NULL,
  `estatus` char(1) COLLATE utf8_spanish2_ci NOT NULL,
  `id_ano_escolar` int(11) NOT NULL,
  `id_docente` int(11) NOT NULL,
  `id_seccion` int(11) NOT NULL
) ENGINE=InnoDB DEFAULT CHARSET=utf8 COLLATE=utf8_spanish2_ci;

--
-- Dumping data for table `docente_seccion`
--

INSERT INTO `docente_seccion` (`id_docente_seccion`, `estatus`, `id_ano_escolar`, `id_docente`, `id_seccion`) VALUES
(1, '', 1, 1, 30),
(2, '', 1, 2, 31);

-- --------------------------------------------------------

--
-- Table structure for table `ejercicio`
--

CREATE TABLE `ejercicio` (
  `id_ejercicio` int(11) NOT NULL,
  `intento_sin_exito` int(11) NOT NULL,
  `tiempo_llevado` time NOT NULL,
  `id_prueba` int(11) NOT NULL
) ENGINE=InnoDB DEFAULT CHARSET=latin1;

--
-- Dumping data for table `ejercicio`
--

INSERT INTO `ejercicio` (`id_ejercicio`, `intento_sin_exito`, `tiempo_llevado`, `id_prueba`) VALUES
(1, 0, '00:00:03', 1),
(2, 0, '00:00:32', 2),
(3, 0, '00:00:03', 3),
(4, 0, '00:00:08', 4),
(5, 0, '00:00:14', 5),
(6, 0, '00:00:08', 6),
(7, 0, '00:09:17', 7),
(8, 0, '00:00:17', 8),
(9, 0, '00:10:02', 9),
(10, 0, '00:01:38', 10),
(11, 0, '00:04:48', 11),
(12, 0, '00:00:07', 12),
(13, 0, '00:01:48', 13),
(14, 0, '00:00:08', 14),
(15, 0, '00:00:04', 15),
(16, 0, '00:00:06', 16),
(17, 0, '00:00:12', 17),
(18, 0, '00:00:08', 18),
(19, 0, '00:00:03', 19),
(20, 0, '00:01:34', 20),
(21, 0, '00:00:04', 21),
(22, 1, '00:00:15', 22),
(23, 0, '00:01:59', 23),
(24, 0, '00:00:03', 24),
(25, 0, '00:00:05', 25),
(26, 0, '00:06:15', 26),
(27, 0, '00:03:42', 27),
(28, 0, '00:00:09', 28),
(29, 0, '00:01:15', 29),
(30, 0, '00:00:03', 30),
(31, 0, '00:00:02', 31),
(32, 0, '00:03:04', 32),
(33, 0, '00:00:05', 33),
(34, 0, '00:00:05', 34),
(35, 0, '00:00:04', 35),
(36, 0, '00:00:04', 36),
(37, 0, '00:00:04', 37),
(38, 0, '00:00:28', 38),
(39, 0, '00:00:03', 39),
(40, 0, '00:00:03', 40),
(41, 0, '00:00:06', 41),
(42, 0, '00:00:03', 42),
(43, 0, '00:00:03', 43),
(44, 0, '00:00:03', 44),
(45, 0, '00:00:03', 45),
(46, 0, '00:00:04', 46),
(47, 0, '00:00:04', 47),
(48, 0, '00:00:05', 48),
(49, 0, '00:00:04', 49),
(50, 0, '00:00:03', 50),
(51, 0, '00:00:03', 51),
(52, 0, '00:00:03', 52),
(53, 0, '00:00:03', 53),
(54, 0, '00:00:03', 54),
(55, 0, '00:00:05', 55),
(56, 0, '00:00:03', 56),
(57, 0, '00:00:03', 57),
(58, 0, '00:00:22', 58),
(59, 0, '00:00:24', 59),
(60, 0, '00:00:08', 60),
(61, 0, '00:00:10', 61),
(62, 0, '00:00:10', 61),
(63, 0, '00:00:46', 62),
(64, 0, '00:00:12', 63),
(65, 0, '00:01:17', 64),
(66, 0, '00:00:04', 65),
(67, 0, '00:00:02', 66),
(68, 0, '00:00:11', 67),
(69, 0, '00:00:26', 68),
(70, 0, '00:00:06', 69),
(71, 0, '00:00:06', 70),
(72, 0, '00:00:16', 71),
(73, 0, '00:00:52', 72),
(74, 0, '00:00:13', 73),
(75, 0, '00:00:09', 74),
(76, 0, '00:01:24', 75),
(77, 0, '00:00:19', 76),
(78, 0, '00:00:12', 77),
(79, 0, '00:00:11', 78),
(80, 0, '00:00:09', 79),
(81, 1, '00:00:34', 80),
(82, 0, '00:00:11', 81),
(83, 0, '00:00:26', 82),
(84, 0, '00:00:31', 83),
(85, 0, '00:00:12', 84),
(86, 0, '00:00:09', 85),
(87, 0, '00:00:12', 86),
(88, 0, '00:00:53', 87),
(89, 0, '00:00:13', 88),
(90, 0, '00:00:31', 89),
(91, 0, '00:00:54', 90),
(92, 0, '00:00:19', 91),
(93, 0, '00:00:48', 92),
(94, 0, '00:00:06', 93),
(95, 0, '00:00:14', 94),
(96, 0, '00:00:14', 95),
(97, 0, '00:00:15', 96),
(98, 0, '00:00:22', 97),
(99, 0, '00:00:12', 98),
(100, 0, '00:00:46', 99),
(101, 0, '00:00:17', 100),
(102, 0, '00:00:44', 101),
(103, 0, '00:00:37', 102),
(104, 0, '00:00:46', 103),
(105, 0, '00:00:38', 104),
(106, 0, '00:00:34', 105),
(107, 0, '00:01:09', 106),
(108, 0, '00:00:59', 107),
(109, 0, '00:00:44', 108),
(110, 0, '00:00:52', 109),
(111, 0, '00:01:01', 110),
(112, 0, '21:19:04', 111),
(113, 0, '00:00:22', 112),
(114, 0, '00:00:43', 113),
(115, 0, '00:00:42', 114),
(116, 0, '00:00:32', 115),
(117, 0, '00:00:44', 116),
(118, 0, '00:00:24', 117),
(119, 0, '00:00:22', 118),
(120, 0, '00:00:21', 119),
(121, 0, '00:00:32', 120),
(122, 0, '00:01:21', 121),
(123, 0, '00:00:10', 122),
(124, 0, '00:01:35', 123),
(125, 0, '00:00:21', 124),
(126, 0, '00:00:23', 125),
(127, 13, '00:07:03', 126),
(128, 8, '00:03:37', 127),
(129, 0, '00:00:32', 128),
(130, 0, '00:00:25', 129),
(131, 0, '00:00:21', 130),
(132, 0, '00:00:51', 131),
(133, 0, '00:00:25', 132),
(134, 0, '00:00:15', 133),
(135, 0, '00:00:22', 134),
(136, 0, '00:00:29', 135),
(137, 0, '00:00:14', 136),
(138, 0, '00:00:34', 137),
(139, 0, '00:00:22', 138),
(140, 0, '00:00:25', 139),
(141, 0, '00:00:12', 140),
(142, 0, '00:00:12', 141),
(143, 0, '00:00:31', 142),
(144, 0, '00:00:17', 143),
(145, 0, '00:00:21', 144),
(146, 0, '00:00:19', 145),
(147, 0, '00:00:23', 146),
(148, 0, '00:00:31', 147),
(149, 0, '00:00:19', 148),
(150, 0, '00:00:24', 149),
(151, 0, '00:00:24', 150),
(152, 0, '00:00:25', 150),
(153, 0, '00:00:36', 151),
(154, 0, '00:00:48', 152),
(155, 0, '00:00:44', 153),
(156, 0, '00:00:28', 154),
(157, 0, '00:00:42', 155),
(158, 0, '00:02:29', 156),
(159, 0, '00:02:26', 157),
(160, 0, '00:00:40', 158),
(161, 0, '00:00:23', 159),
(162, 0, '00:00:37', 160),
(163, 0, '00:00:17', 161),
(164, 0, '00:00:11', 162),
(165, 0, '00:00:08', 163),
(166, 0, '00:00:09', 164),
(167, 0, '00:00:11', 165),
(168, 0, '00:00:09', 166),
(169, 0, '00:00:09', 167),
(170, 0, '00:00:07', 168),
(171, 0, '00:00:06', 169),
(172, 0, '00:00:05', 170),
(173, 0, '00:00:06', 171),
(174, 0, '00:00:20', 172),
(175, 0, '00:00:21', 173),
(176, 0, '00:00:11', 174),
(177, 0, '00:00:24', 175),
(178, 0, '00:00:06', 176),
(179, 0, '00:00:05', 177),
(180, 0, '00:00:07', 178),
(181, 1, '00:00:15', 179),
(182, 1, '00:00:27', 180),
(183, 0, '00:00:21', 181),
(184, 1, '00:00:23', 182),
(185, 1, '00:00:11', 183),
(186, 2, '00:00:21', 184),
(187, 1, '00:00:13', 185),
(188, 0, '00:00:17', 186),
(189, 2, '00:00:25', 187),
(190, 0, '00:00:17', 188),
(191, 0, '00:00:06', 189),
(192, 3, '00:00:32', 190),
(193, 1, '00:00:10', 191),
(194, 0, '00:00:05', 192),
(195, 0, '00:00:09', 193),
(196, 0, '00:00:05', 194),
(197, 0, '00:00:05', 195),
(198, 0, '00:00:22', 196),
(199, 3, '00:00:39', 197),
(200, 0, '00:00:20', 198),
(201, 0, '00:00:31', 199),
(202, 0, '00:00:11', 200),
(203, 0, '00:00:08', 201),
(204, 1, '00:01:00', 202),
(205, 0, '00:00:10', 203),
(206, 0, '00:00:09', 204),
(207, 0, '00:00:09', 205),
(208, 0, '00:00:08', 206),
(209, 0, '00:00:06', 207),
(210, 2, '00:00:49', 208),
(211, 0, '00:00:08', 209),
(212, 0, '00:00:07', 210),
(213, 0, '00:00:09', 211),
(214, 0, '00:00:06', 212),
(215, 0, '00:00:18', 213),
(216, 0, '00:00:07', 214),
(217, 0, '00:00:06', 215),
(218, 0, '00:00:16', 216),
(219, 0, '00:00:06', 217),
(220, 0, '00:00:04', 218),
(221, 0, '00:00:15', 219),
(222, 0, '00:00:37', 220),
(223, 0, '00:00:05', 221),
(224, 0, '00:00:11', 222),
(225, 0, '00:00:06', 223),
(226, 0, '00:01:01', 224),
(227, 0, '00:00:24', 225),
(228, 0, '00:01:16', 226),
(229, 0, '00:00:07', 227),
(230, 0, '00:02:05', 228),
(231, 0, '00:01:00', 229),
(232, 0, '00:00:13', 230),
(233, 0, '00:00:21', 231),
(234, 0, '00:00:54', 232),
(235, 0, '00:00:15', 233),
(236, 0, '00:00:30', 234),
(237, 0, '00:00:13', 235),
(238, 0, '00:00:08', 236),
(239, 0, '00:00:47', 237),
(240, 0, '00:02:21', 238),
(241, 0, '00:00:13', 239),
(242, 0, '00:01:30', 240),
(243, 0, '00:00:37', 241),
(244, 0, '00:00:30', 242),
(245, 0, '00:00:17', 243),
(246, 0, '00:00:24', 244),
(247, 0, '00:20:48', 245),
(248, 0, '00:29:12', 246),
(249, 0, '00:00:09', 247),
(250, 0, '00:00:13', 248),
(251, 0, '00:00:10', 249),
(252, 0, '00:12:39', 250),
(253, 0, '00:00:11', 251),
(254, 0, '00:00:11', 252),
(255, 0, '00:00:19', 253),
(256, 0, '00:00:14', 254),
(257, 0, '00:00:15', 255),
(258, 0, '00:07:46', 256),
(259, 0, '00:07:52', 257),
(260, 0, '00:00:09', 258),
(261, 0, '00:01:48', 259),
(262, 0, '00:10:18', 260),
(263, 0, '00:00:17', 261),
(264, 0, '00:00:14', 262),
(265, 0, '00:00:09', 263),
(266, 0, '00:00:15', 264),
(267, 0, '00:00:15', 265),
(268, 5, '00:01:25', 266),
(269, 0, '00:00:14', 267),
(270, 0, '00:00:08', 268),
(271, 0, '00:00:09', 269),
(272, 0, '00:00:07', 270),
(273, 0, '00:00:07', 271),
(274, 0, '00:00:09', 272),
(275, 0, '00:00:08', 273),
(276, 0, '00:00:06', 274),
(277, 0, '00:00:05', 275),
(278, 0, '00:00:06', 276),
(279, 0, '00:00:05', 277),
(280, 2, '00:00:22', 278),
(281, 0, '00:00:07', 279),
(282, 0, '00:00:10', 280),
(283, 2, '00:00:23', 281),
(284, 1, '00:00:11', 282),
(285, 2, '00:00:17', 283),
(286, 2, '00:00:17', 284),
(287, 5, '00:00:53', 285),
(288, 3, '00:01:12', 286),
(289, 0, '00:00:08', 287),
(290, 0, '00:00:05', 288),
(291, 1, '00:16:01', 289),
(292, 0, '00:00:04', 290),
(293, 2, '00:00:17', 291),
(294, 0, '00:02:12', 292),
(295, 1, '00:02:10', 293),
(296, 0, '00:00:08', 294),
(297, 1, '00:00:16', 295),
(298, 0, '00:00:06', 296),
(299, 4, '00:00:45', 297),
(300, 0, '00:19:56', 298),
(301, 0, '00:00:09', 299),
(302, 0, '00:00:09', 300),
(303, 0, '00:00:05', 301),
(304, 0, '00:00:03', 302),
(305, 1, '00:00:09', 303),
(306, 1, '00:00:12', 304),
(307, 0, '00:00:05', 305),
(308, 0, '00:01:32', 306),
(309, 0, '00:00:16', 307),
(310, 0, '00:00:57', 308),
(311, 0, '00:00:13', 309),
(312, 0, '00:00:07', 310),
(313, 0, '00:00:20', 311),
(314, 0, '00:08:51', 312),
(315, 0, '00:00:35', 313),
(316, 0, '00:00:12', 314),
(317, 0, '00:00:03', 315),
(318, 0, '00:00:08', 316),
(319, 0, '00:00:11', 317),
(320, 0, '00:00:11', 318),
(321, 0, '00:00:04', 319),
(322, 0, '00:00:03', 320),
(323, 0, '00:00:07', 321),
(324, 0, '19:30:10', 322),
(325, 0, '19:30:27', 323),
(326, 0, '19:30:24', 323),
(327, 0, '19:30:03', 323),
(328, 0, '19:30:11', 323),
(329, 0, '19:30:34', 323),
(330, 0, '19:30:26', 323),
(331, 0, '19:30:40', 323),
(332, 0, '19:30:37', 324),
(333, 0, '19:30:05', 325),
(334, 0, '19:30:10', 326),
(335, 0, '19:30:11', 327),
(336, 0, '19:30:08', 328),
(337, 0, '19:30:07', 329),
(338, 0, '19:30:09', 330),
(339, 0, '19:30:06', 331),
(340, 0, '19:30:20', 332),
(341, 0, '19:30:09', 333),
(342, 0, '19:30:44', 334),
(343, 0, '19:30:11', 335),
(344, 0, '19:30:08', 336),
(345, 0, '19:30:05', 337),
(346, 0, '19:30:08', 338),
(347, 1, '19:30:12', 339);

-- --------------------------------------------------------

--
-- Table structure for table `ejercicio_imagen`
--

CREATE TABLE `ejercicio_imagen` (
  `id_ejercicio_imagen` int(11) NOT NULL,
  `id_ejercicio` int(11) NOT NULL,
  `id_imagen` int(11) NOT NULL
) ENGINE=InnoDB DEFAULT CHARSET=latin1;

--
-- Dumping data for table `ejercicio_imagen`
--

INSERT INTO `ejercicio_imagen` (`id_ejercicio_imagen`, `id_ejercicio`, `id_imagen`) VALUES
(1, 1, 8),
(2, 2, 4),
(3, 3, 25),
(4, 4, 5),
(5, 5, 17),
(10, 6, 11),
(7, 6, 12),
(9, 6, 26),
(8, 6, 36),
(11, 7, 24),
(12, 8, 16),
(13, 9, 19),
(14, 10, 8),
(15, 11, 38),
(16, 12, 11),
(17, 13, 39),
(18, 14, 19),
(19, 15, 35),
(20, 16, 19),
(21, 17, 39),
(22, 18, 16),
(23, 19, 38),
(24, 20, 16),
(25, 21, 11),
(26, 22, 38),
(27, 23, 19),
(28, 24, 24),
(29, 25, 42),
(30, 26, 11),
(31, 27, 8),
(32, 28, 42),
(33, 29, 35),
(34, 30, 16),
(35, 31, 16),
(36, 32, 24),
(37, 33, 35),
(38, 34, 11),
(39, 35, 39),
(40, 36, 18),
(41, 37, 38),
(42, 38, 42),
(43, 39, 18),
(44, 40, 39),
(45, 41, 38),
(46, 42, 24),
(47, 43, 16),
(48, 44, 11),
(49, 45, 35),
(50, 46, 19),
(51, 47, 35),
(52, 48, 38),
(53, 49, 24),
(54, 50, 42),
(55, 51, 39),
(56, 52, 11),
(57, 53, 38),
(58, 54, 39),
(59, 55, 19),
(60, 56, 24),
(61, 57, 24),
(62, 58, 8),
(63, 59, 24),
(64, 60, 19),
(65, 61, 42),
(66, 62, 42),
(67, 63, 18),
(68, 64, 72),
(69, 65, 80),
(70, 66, 78),
(71, 67, 72),
(72, 68, 76),
(73, 69, 74),
(74, 70, 78),
(75, 71, 79),
(76, 72, 75),
(77, 73, 72),
(78, 74, 72),
(79, 75, 75),
(80, 76, 63),
(82, 78, 67),
(83, 79, 70),
(84, 80, 54),
(85, 81, 46),
(86, 82, 52),
(87, 83, 66),
(88, 84, 49),
(89, 85, 64),
(90, 86, 56),
(91, 87, 49),
(92, 88, 47),
(93, 89, 59),
(94, 90, 53),
(96, 92, 60),
(97, 93, 70),
(98, 94, 57),
(99, 95, 69),
(100, 96, 62),
(101, 97, 54),
(102, 98, 56),
(103, 99, 52),
(104, 100, 50),
(105, 101, 68),
(106, 102, 55),
(107, 103, 67),
(108, 104, 64),
(109, 105, 70),
(110, 106, 56),
(111, 107, 49),
(112, 108, 62),
(113, 109, 61),
(114, 110, 59),
(115, 111, 47),
(116, 112, 69),
(117, 113, 65),
(118, 114, 51),
(119, 115, 63),
(120, 116, 54),
(121, 117, 48),
(122, 118, 52),
(123, 119, 53),
(124, 120, 66),
(126, 122, 50),
(127, 123, 57),
(128, 124, 46),
(129, 125, 68),
(130, 126, 60),
(131, 127, 63),
(132, 128, 59),
(133, 129, 49),
(134, 130, 62),
(135, 131, 48),
(136, 132, 66),
(138, 134, 59),
(139, 135, 47),
(140, 136, 51),
(141, 137, 46),
(142, 138, 65),
(143, 139, 55),
(144, 140, 69),
(145, 141, 54),
(146, 142, 56),
(147, 143, 70),
(148, 144, 63),
(149, 145, 57),
(150, 146, 61),
(151, 147, 64),
(152, 148, 60),
(153, 149, 67),
(154, 150, 52),
(155, 151, 53),
(156, 152, 53),
(157, 153, 63),
(158, 154, 59),
(159, 155, 60),
(160, 156, 46),
(161, 157, 51),
(162, 158, 61),
(163, 159, 64),
(164, 160, 65),
(165, 161, 54),
(166, 162, 53),
(167, 163, 56),
(169, 165, 48),
(170, 166, 55),
(171, 167, 68),
(172, 168, 47),
(173, 169, 52),
(174, 170, 69),
(175, 171, 49),
(176, 172, 70),
(177, 173, 57),
(178, 174, 66),
(179, 175, 50),
(180, 176, 62),
(181, 177, 67),
(182, 178, 61),
(183, 179, 69),
(184, 180, 63),
(185, 181, 47),
(186, 182, 66),
(187, 183, 70),
(189, 185, 52),
(190, 186, 60),
(191, 187, 54),
(192, 188, 51),
(193, 189, 53),
(194, 190, 67),
(195, 191, 55),
(196, 192, 50),
(197, 193, 57),
(198, 194, 59),
(199, 195, 56),
(200, 196, 48),
(201, 197, 46),
(202, 198, 62),
(203, 199, 64),
(204, 200, 68),
(205, 201, 65),
(206, 202, 49),
(207, 203, 69),
(208, 204, 53),
(209, 205, 70),
(210, 206, 64),
(211, 207, 47),
(212, 208, 49),
(213, 209, 57),
(214, 210, 52),
(215, 211, 61),
(216, 212, 56),
(217, 213, 59),
(218, 214, 66),
(219, 215, 60),
(220, 216, 63),
(221, 217, 54),
(222, 218, 51),
(223, 219, 68),
(224, 220, 65),
(226, 222, 67),
(227, 223, 55),
(228, 224, 46),
(229, 225, 62),
(230, 226, 48),
(231, 227, 50),
(232, 228, 56),
(233, 229, 68),
(234, 230, 50),
(235, 231, 60),
(236, 232, 67),
(237, 233, 54),
(238, 234, 66),
(239, 235, 55),
(240, 236, 59),
(241, 237, 64),
(242, 238, 69),
(243, 239, 51),
(244, 240, 48),
(246, 242, 61),
(247, 243, 53),
(248, 244, 47),
(249, 245, 52),
(250, 246, 65),
(251, 247, 62),
(252, 248, 70),
(253, 249, 57),
(254, 250, 46),
(255, 251, 49),
(256, 252, 63),
(257, 253, 54),
(258, 254, 57),
(259, 255, 66),
(260, 256, 70),
(261, 257, 53),
(262, 258, 68),
(263, 259, 56),
(264, 260, 63),
(265, 261, 64),
(266, 262, 66),
(267, 263, 67),
(268, 264, 47),
(269, 265, 53),
(270, 266, 59),
(271, 267, 68),
(272, 268, 61),
(273, 269, 54),
(274, 270, 64),
(275, 271, 63),
(276, 272, 57),
(277, 273, 65),
(278, 274, 62),
(279, 275, 60),
(280, 276, 51),
(281, 277, 46),
(282, 278, 50),
(283, 279, 69),
(284, 280, 52),
(285, 281, 56),
(286, 282, 49),
(287, 283, 46),
(288, 284, 59),
(289, 285, 47),
(290, 286, 60),
(291, 287, 54),
(292, 288, 51),
(293, 289, 48),
(294, 290, 49),
(296, 292, 55),
(297, 293, 63),
(298, 294, 67),
(299, 295, 53),
(300, 296, 56),
(301, 297, 57),
(302, 298, 61),
(303, 299, 65),
(304, 300, 70),
(305, 301, 64),
(306, 302, 50),
(307, 303, 69),
(308, 304, 68),
(309, 305, 52),
(310, 306, 62),
(311, 307, 66),
(312, 308, 51),
(313, 309, 54),
(314, 310, 62),
(315, 311, 66),
(316, 312, 69),
(317, 313, 60),
(320, 314, 11),
(319, 314, 18),
(322, 314, 35),
(323, 314, 38),
(324, 314, 39),
(321, 314, 42),
(329, 315, 8),
(328, 315, 19),
(326, 315, 24),
(327, 315, 39),
(330, 316, 3),
(331, 317, 31),
(332, 318, 59),
(333, 319, 60),
(334, 320, 67),
(335, 321, 67),
(336, 322, 53),
(337, 323, 50),
(338, 324, 2),
(339, 325, 72),
(340, 326, 7),
(341, 327, 15),
(342, 328, 11),
(343, 329, 39),
(344, 330, 5),
(345, 331, 44),
(349, 332, 9),
(347, 332, 34),
(348, 332, 77),
(350, 332, 79),
(351, 333, 28),
(352, 334, 22),
(353, 335, 5),
(354, 336, 45),
(355, 337, 80),
(356, 338, 2),
(357, 339, 11),
(358, 340, 13),
(359, 341, 6),
(360, 342, 18),
(361, 343, 31),
(362, 344, 74),
(363, 345, 78),
(364, 346, 11),
(365, 347, 36);

-- --------------------------------------------------------

--
-- Table structure for table `ejercicio_letra`
--

CREATE TABLE `ejercicio_letra` (
  `id_ejercicio_letra` int(11) NOT NULL,
  `id_ejercicio` int(11) NOT NULL,
  `id_letra` int(11) NOT NULL
) ENGINE=InnoDB DEFAULT CHARSET=latin1;

--
-- Dumping data for table `ejercicio_letra`
--

INSERT INTO `ejercicio_letra` (`id_ejercicio_letra`, `id_ejercicio`, `id_letra`) VALUES
(1, 314, 1);

-- --------------------------------------------------------

--
-- Table structure for table `ejercicio_secuencia`
--

CREATE TABLE `ejercicio_secuencia` (
  `id_ejercicio_secuencia` int(11) NOT NULL,
  `id_ejercicio` int(11) NOT NULL,
  `id_secuencia` int(11) NOT NULL
) ENGINE=InnoDB DEFAULT CHARSET=utf8;

-- --------------------------------------------------------

--
-- Table structure for table `estudiante`
--

CREATE TABLE `estudiante` (
  `id_estudiante` int(11) NOT NULL,
  `nombre` varchar(40) NOT NULL,
  `apellido` varchar(40) NOT NULL,
  `sexo` char(1) NOT NULL,
  `fecha_nac` date NOT NULL,
  `estatus` char(1) NOT NULL,
  `id_discapacidad` int(11) NOT NULL
) ENGINE=InnoDB DEFAULT CHARSET=latin1;

--
-- Dumping data for table `estudiante`
--

INSERT INTO `estudiante` (`id_estudiante`, `nombre`, `apellido`, `sexo`, `fecha_nac`, `estatus`, `id_discapacidad`) VALUES
(1, 'ADRIAN DE JESUS', 'GUTIERREZ', 'M', '2006-05-02', 'A', 2),
(2, 'ADLIN', 'ALVARADO', 'F', '2004-06-25', 'A', 2),
(3, 'EDGARIT', 'PARADAS', 'F', '2002-06-14', 'A', 3),
(5, 'ALBERT', 'CAMACHO', 'M', '2003-08-15', 'A', 3),
(6, 'JORGE', 'MORA', 'M', '2009-06-11', 'A', 1),
(7, 'JUAN', 'CARLOS', 'M', '2008-06-04', 'A', 2),
(8, 'JEAN JEAN', 'DOUSIER', 'M', '2002-06-14', 'A', 2),
(9, 'JIMMY', 'BENDICT', 'M', '2007-06-01', 'A', 1),
(10, 'YANET', 'BROWNE', 'F', '2008-06-05', 'A', 1);

-- --------------------------------------------------------

--
-- Table structure for table `estudiante_seccion`
--

CREATE TABLE `estudiante_seccion` (
  `id_estudiante_seccion` int(11) NOT NULL,
  `estatus` char(1) COLLATE utf8_spanish2_ci NOT NULL,
  `id_ano_escolar` int(11) NOT NULL,
  `id_estudiante` int(11) NOT NULL,
  `id_seccion` int(11) NOT NULL
) ENGINE=InnoDB DEFAULT CHARSET=utf8 COLLATE=utf8_spanish2_ci;

--
-- Dumping data for table `estudiante_seccion`
--

INSERT INTO `estudiante_seccion` (`id_estudiante_seccion`, `estatus`, `id_ano_escolar`, `id_estudiante`, `id_seccion`) VALUES
(1, 'A', 1, 2, 30),
(2, 'A', 1, 1, 30),
(3, 'A', 1, 5, 31),
(4, 'A', 1, 3, 31);

-- --------------------------------------------------------

--
-- Table structure for table `funcion_usuario`
--

CREATE TABLE `funcion_usuario` (
  `id_funcion_usuario` int(11) NOT NULL,
  `nombre_funcion_usuario` varchar(100) COLLATE utf8_spanish2_ci NOT NULL
) ENGINE=InnoDB DEFAULT CHARSET=utf8 COLLATE=utf8_spanish2_ci;

--
-- Dumping data for table `funcion_usuario`
--

INSERT INTO `funcion_usuario` (`id_funcion_usuario`, `nombre_funcion_usuario`) VALUES
(1, 'MANAGE STUDENTS'),
(2, 'MANAGE TEACHERS'),
(3, 'MANAGE SCHOOL YEAR'),
(4, 'MANAGE ASSIGNMENT OF STUDENTS'),
(5, 'MANAGE ASSIGNMENT OF TEACHERS'),
(6, 'MANAGE TELEPHONE CODE'),
(7, 'MANAGE DIVERSITY'),
(8, 'MANAGE GRADE'),
(9, 'MANAGE SECTION'),
(10, 'MANAGE ACTIVITIES'),
(11, 'MANAGE TYPE OF USER'),
(12, 'GENERATE REPORTES'),
(13, 'GENERATE STATISTICS'),
(14, 'BACK-UP AND RESTORE DATA BASE'),
(15, 'CONSULT AUDIT'),
(16, 'CONSULT SYSTEM LOG');

-- --------------------------------------------------------

--
-- Table structure for table `grado`
--

CREATE TABLE `grado` (
  `id_grado` int(11) NOT NULL,
  `nivel` varchar(100) NOT NULL,
  `nivel_numero` int(11) NOT NULL
) ENGINE=InnoDB DEFAULT CHARSET=latin1;

--
-- Dumping data for table `grado`
--

INSERT INTO `grado` (`id_grado`, `nivel`, `nivel_numero`) VALUES
(1, 'GRADE 1', 1),
(2, 'GRADE 2', 2),
(3, 'GRADE 3', 3),
(4, 'GRADE 4', 4),
(5, 'GRADE 5', 5),
(6, 'GRADE 6', 6);

-- --------------------------------------------------------

--
-- Table structure for table `imagen`
--

CREATE TABLE `imagen` (
  `id_imagen` int(11) NOT NULL,
  `direccion_imagen` varchar(255) NOT NULL,
  `lenguaje_sena` varchar(255) DEFAULT NULL,
  `direccion_audio` varchar(255) DEFAULT NULL,
  `palabra` varchar(25) DEFAULT NULL,
  `numero` varchar(11) DEFAULT NULL,
  `hora` varchar(5) DEFAULT NULL
) ENGINE=InnoDB DEFAULT CHARSET=latin1;

--
-- Dumping data for table `imagen`
--

INSERT INTO `imagen` (`id_imagen`, `direccion_imagen`, `lenguaje_sena`, `direccion_audio`, `palabra`, `numero`, `hora`) VALUES
(1, '../imagen/galeria/imagen_1', '../lenguaje_sena/sena_1.webm', ' ', 'GRANDPARENTS', '', ''),
(2, '../imagen/galeria/imagen_2', '../lenguaje_sena/sena_2.webm', ' ', 'AVOCADO', '3', ''),
(3, '../imagen/galeria/imagen_3', '../lenguaje_sena/sena_3.webm', ' ', 'YELLOW', '', ''),
(4, '../imagen/galeria/imagen_4', '../lenguaje_sena/sena_4.webm', ' ', 'ORANGE', '', ''),
(5, '../imagen/galeria/imagen_5', '../lenguaje_sena/sena_5.webm', ' ', 'AUTOBUS', '1', ''),
(6, '../imagen/galeria/imagen_6', '../lenguaje_sena/sena_6.webm', ' ', 'PLANE', '1', ''),
(7, '../imagen/galeria/imagen_7', '../lenguaje_sena/sena_7.webm', ' ', 'BLUE', '', ''),
(8, '../imagen/galeria/imagen_8', '../lenguaje_sena/sena_8.webm', ' ', 'WHALE', '', ''),
(9, '../imagen/galeria/imagen_9', '../lenguaje_sena/sena_9.webm', ' ', 'BICYCLE', '', ''),
(10, '../imagen/galeria/imagen_10', '../lenguaje_sena/sena_10.webm', ' ', 'WHITE', '', ''),
(11, '../imagen/galeria/imagen_11', '../lenguaje_sena/sena_11.webm', ' ', 'HORSE', '1', ''),
(12, '../imagen/galeria/imagen_12', '../lenguaje_sena/sena_12.webm', ' ', 'BANANA', '', ''),
(13, '../imagen/galeria/imagen_13', '../lenguaje_sena/sena_13.webm', ' ', 'CAR', '1', ''),
(14, '../imagen/galeria/imagen_14', '../lenguaje_sena/sena_14.webm', ' ', 'CIRCLE', '', ''),
(15, '../imagen/galeria/imagen_15', '../lenguaje_sena/sena_15.webm', ' ', 'COCONUT', '', ''),
(16, '../imagen/galeria/imagen_16', '../lenguaje_sena/sena_16.webm', ' ', 'RABBIT', '1', ''),
(17, '../imagen/galeria/imagen_17', '../lenguaje_sena/sena_17.webm', ' ', 'SQUARE', '1', ''),
(18, '../imagen/galeria/imagen_18', '../lenguaje_sena/sena_18.webm', ' ', 'ELEPHANT', '1', ''),
(19, '../imagen/galeria/imagen_19', '../lenguaje_sena/sena_19.webm', ' ', '', '', ''),
(20, '../imagen/galeria/imagen_20', '../lenguaje_sena/sena_20.webm', ' ', 'GRAY', '', ''),
(21, '../imagen/galeria/imagen_21', '../lenguaje_sena/sena_21.webm', ' ', 'GUAVA', '', ''),
(22, '../imagen/galeria/imagen_22', '../lenguaje_sena/sena_22.webm', ' ', 'HELICOPTER', '', ''),
(23, '../imagen/galeria/imagen_23', ' ../lenguaje_sena/sena_23.webm', ' ', 'PAPAYA', '2', ''),
(24, '../imagen/galeria/imagen_24', '../lenguaje_sena/sena_24.webm', ' ', 'LION', '', ''),
(25, '../imagen/galeria/imagen_25', '../lenguaje_sena/sena_25.webm', ' ', 'LIME', '', ''),
(26, '../imagen/galeria/imagen_26', '../lenguaje_sena/sena_26.webm', ' ', 'MOTHER', '', ''),
(27, '../imagen/galeria/imagen_27', '../lenguaje_sena/sena_27.webm', ' ', 'MAMMON', '', ''),
(28, '../imagen/galeria/imagen_28', '../lenguaje_sena/sena_28.webm', ' ', 'APPLE', '', ''),
(29, '../imagen/galeria/imagen_29', '../lenguaje_sena/sena_29.webm', ' ', 'BROWN', '', ''),
(30, '../imagen/galeria/imagen_30', '../lenguaje_sena/sena_30.webm', ' ', 'PURPLE', '', ''),
(31, '../imagen/galeria/imagen_31', '', ' ', 'MOTO', '', ''),
(33, '../imagen/galeria/imagen_32', '../lenguaje_sena/sena_32.webm', ' ', 'ORANGE', '', ''),
(34, '../imagen/galeria/imagen_34', '../lenguaje_sena/sena_34.webm', ' ', 'BLACK', '', ''),
(35, '../imagen/galeria/imagen_35', '../lenguaje_sena/sena_35.webm', ' ', 'PIGEONS', '', ''),
(36, '../imagen/galeria/imagen_36', '../lenguaje_sena/sena_36.webm', ' ', 'FATHER', '', ''),
(37, '../imagen/galeria/imagen_37', '../lenguaje_sena/sena_37.webm', ' ', 'WATER MELON', '', ''),
(38, '../imagen/galeria/imagen_38', '../lenguaje_sena/sena_38.webm', ' ', 'FISH', '', ''),
(39, '../imagen/galeria/imagen_39', '../lenguaje_sena/sena_39.webm', ' ', 'CHICK', '', ''),
(40, '../imagen/galeria/imagen_40', '../lenguaje_sena/sena_40.webm', ' ', 'RED', '', ''),
(41, '../imagen/galeria/imagen_41', '../lenguaje_sena/sena_41.webm', ' ', 'PINK', '', ''),
(42, '../imagen/galeria/imagen_42', '../lenguaje_sena/sena_42.webm', ' ', 'SHARK', '', ''),
(43, '../imagen/galeria/imagen_43', '../lenguaje_sena/sena_43.webm', ' ', 'TRAIN', '', ''),
(44, '../imagen/galeria/imagen_44', '../lenguaje_sena/sena_44.webm', ' ', 'TRIANGLE', '', ''),
(45, '../imagen/galeria/imagen_45', '../lenguaje_sena/sena_45.webm', ' ', '', '', ''),
(46, '../imagen/galeria/imagen_46', '../lenguaje_sena/sena_71.webm', ' ', 'HARVEST', '', ''),
(47, '../imagen/galeria/imagen_47', '../lenguaje_sena/sena_71.webm', ' ', 'HARVEST', '', ''),
(48, '../imagen/galeria/imagen_48', '../lenguaje_sena/sena_71.webm', ' ', 'HARVEST', '', ''),
(49, '../imagen/galeria/imagen_49', '../lenguaje_sena/sena_71.webm', ' ', 'HARVEST', '', ''),
(50, '../imagen/galeria/imagen_50', '../lenguaje_sena/sena_73.webm', ' ', 'MAINTENANCE', '', ''),
(51, '../imagen/galeria/imagen_51', '', ' ', 'EGGPLANT', '', ''),
(52, '../imagen/galeria/imagen_52', '../lenguaje_sena/sena_74.webm', ' ', 'CHIVE', '', ''),
(53, '../imagen/galeria/imagen_53', '../lenguaje_sena/sena_77.webm ', ' ', 'CORIANDER', '', ''),
(54, '../imagen/galeria/imagen_54', '../lenguaje_sena/sena_23.webm', ' ', 'LECHOZA', '', ''),
(55, '../imagen/galeria/imagen_55', ' ', ' ', 'LETTUCE', '', ''),
(56, '../imagen/galeria/imagen_56', ' ', ' ', 'LETTUCE', '', ''),
(57, '../imagen/galeria/imagen_57', '', ' ', 'PEANUT', '', ''),
(59, '../imagen/galeria/imagen_59', '', ' ', 'PEPPERS', '', ''),
(60, '../imagen/galeria/imagen_60', '../lenguaje_sena/sena_75.webm', ' ', 'IRRIGATION', '', ''),
(61, '../imagen/galeria/imagen_61', '../lenguaje_sena/sena_81.webm', ' ', 'SOWING', '', ''),
(62, '../imagen/galeria/imagen_62', '../lenguaje_sena/sena_81.webm', ' ', 'SOWING', '', ''),
(63, '../imagen/galeria/imagen_63', '../lenguaje_sena/sena_81.webm', ' ', 'SOWING', '', ''),
(64, '../imagen/galeria/imagen_64', '../lenguaje_sena/sena_76.webm', ' ', 'GROOVES', '', ''),
(65, '../imagen/galeria/imagen_65', '../lenguaje_sena/sena_76.webm', ' ', 'GROOVES', '', ''),
(66, '../imagen/galeria/imagen_66', '../lenguaje_sena/sena_76.webm', ' ', 'GROOVES', '', ''),
(67, '../imagen/galeria/imagen_67', '../lenguaje_sena/sena_76.webm', ' ', 'GROOVES', '', ''),
(68, '../imagen/galeria/imagen_68', '../lenguaje_sena/sena_78.webm', ' ', 'GROUND', '', ''),
(69, '../imagen/galeria/imagen_69', '../lenguaje_sena/sena_78.webm', ' ', 'GROUND', '', ''),
(70, '../imagen/galeria/imagen_70', '../lenguaje_sena/sena_78.webm', ' ', '', '', ''),
(71, '../imagen/galeria/imagen_71', '../lenguaje_sena/sena_71.webm', ' ', 'HARVEST', '', ''),
(72, '../imagen/galeria/imagen_72', '../lenguaje_sena/sena_71.webm', ' ', 'HARVEST', '', ''),
(73, '../imagen/galeria/imagen_73', '../lenguaje_sena/sena_73.webm', ' ', 'MAINTENANCE', '', ''),
(74, '../imagen/galeria/imagen_74', '../lenguaje_sena/sena_73.webm', ' ', 'MAINTENANCE', '', ''),
(75, '../imagen/galeria/imagen_75', '../lenguaje_sena/sena_75.webm', ' ', 'IRRIGATION', '', ''),
(76, '../imagen/galeria/imagen_76', '../lenguaje_sena/sena_76.webm', ' ', 'GROOVES', '', ''),
(77, '../imagen/galeria/imagen_77', '../lenguaje_sena/sena_76.webm', ' ', 'GROOVES', '', ''),
(78, '../imagen/galeria/imagen_78', '../lenguaje_sena/sena_78.webm', ' ', 'GROUND', '', ''),
(79, '../imagen/galeria/imagen_79', '../lenguaje_sena/sena_78.webm', ' ', 'GROUND', '', ''),
(80, '../imagen/galeria/imagen_80', '../lenguaje_sena/sena_78.webm', ' ', 'GROUND', '', ''),
(81, '../imagen/galeria/imagen_81', '', ' ', 'FLAG', '', ''),
(82, '../imagen/galeria/imagen_82', '', ' ', 'MOTO BIKE', '', ''),
(83, '../imagen/galeria/imagen_83', ' ', ' ', 'FLAG', '', ''),
(84, '../imagen/galeria/imagen_84', ' ', ' ', 'EATING', '', ''),
(85, '../imagen/galeria/imagen_85', ' ', ' ', 'JUMPING', '', ''),
(86, '../imagen/galeria/imagen_86', ' ', ' ', 'SLEEPING', '', ''),
(87, '../imagen/galeria/imagen_87', ' ', ' ', 'CRYING', '', ''),
(88, '../imagen/galeria/imagen_88', ' ', ' ', 'TRUCK', '', ''),
(89, '../imagen/galeria/imagen_89', ' ', ' ', 'POLICE', '', ''),
(90, '../imagen/galeria/imagen_90', ' ', ' ', 'NURSE', '', ''),
(91, '../imagen/galeria/imagen_91', ' ', ' ', 'PEPPERS', '', ''),
(92, '../imagen/galeria/imagen_92', ' ', ' ', 'PEPPERS', '', '');

-- --------------------------------------------------------

--
-- Table structure for table `letra`
--

CREATE TABLE `letra` (
  `id_letra` int(11) NOT NULL,
  `caracter` varchar(5) NOT NULL
) ENGINE=InnoDB DEFAULT CHARSET=latin1;

--
-- Dumping data for table `letra`
--

INSERT INTO `letra` (`id_letra`, `caracter`) VALUES
(1, 'C');

-- --------------------------------------------------------

--
-- Table structure for table `prueba`
--

CREATE TABLE `prueba` (
  `id_prueba` int(11) NOT NULL,
  `fecha_prueba` date NOT NULL,
  `iteracion` int(11) NOT NULL,
  `id_actividad` int(11) NOT NULL,
  `id_estudiante_seccion` int(11) NOT NULL
) ENGINE=InnoDB DEFAULT CHARSET=latin1;

--
-- Dumping data for table `prueba`
--

INSERT INTO `prueba` (`id_prueba`, `fecha_prueba`, `iteracion`, `id_actividad`, `id_estudiante_seccion`) VALUES
(1, '2016-05-26', 1, 1, 1),
(2, '2016-05-26', 2, 1, 1),
(3, '2016-05-26', 1, 2, 1),
(4, '2016-05-26', 2, 2, 1),
(5, '2016-05-26', 3, 2, 1),
(6, '2016-05-26', 1, 21, 1),
(7, '2016-06-04', 3, 1, 1),
(8, '2016-06-04', 4, 1, 1),
(9, '2016-06-04', 5, 1, 1),
(10, '2016-06-04', 6, 1, 1),
(11, '2016-06-04', 7, 1, 1),
(12, '2016-06-04', 8, 1, 1),
(13, '2016-06-04', 9, 1, 1),
(14, '2016-06-04', 10, 1, 1),
(15, '2016-06-04', 11, 1, 1),
(16, '2016-06-04', 12, 1, 1),
(17, '2016-06-04', 13, 1, 1),
(18, '2016-06-04', 14, 1, 1),
(19, '2016-06-04', 15, 1, 1),
(20, '2016-06-04', 16, 1, 1),
(21, '2016-06-04', 17, 1, 1),
(22, '2016-06-04', 18, 1, 1),
(23, '2016-06-04', 19, 1, 1),
(24, '2016-06-04', 20, 1, 1),
(25, '2016-06-04', 21, 1, 1),
(26, '2016-06-04', 22, 1, 1),
(27, '2016-06-04', 23, 1, 1),
(28, '2016-06-04', 24, 1, 1),
(29, '2016-06-04', 25, 1, 1),
(30, '2016-06-04', 26, 1, 1),
(31, '2016-06-04', 27, 1, 1),
(32, '2016-06-04', 28, 1, 1),
(33, '2016-06-04', 29, 1, 1),
(34, '2016-06-04', 30, 1, 1),
(35, '2016-06-04', 31, 1, 1),
(36, '2016-06-04', 32, 1, 1),
(37, '2016-06-04', 33, 1, 1),
(38, '2016-06-04', 34, 1, 1),
(39, '2016-06-04', 35, 1, 1),
(40, '2016-06-04', 36, 1, 1),
(41, '2016-06-04', 37, 1, 1),
(42, '2016-06-04', 38, 1, 1),
(43, '2016-06-04', 39, 1, 1),
(44, '2016-06-04', 40, 1, 1),
(45, '2016-06-04', 41, 1, 1),
(46, '2016-06-04', 42, 1, 1),
(47, '2016-06-04', 43, 1, 1),
(48, '2016-06-04', 44, 1, 1),
(49, '2016-06-04', 45, 1, 1),
(50, '2016-06-04', 46, 1, 1),
(51, '2016-06-04', 47, 1, 1),
(52, '2016-06-04', 48, 1, 1),
(53, '2016-06-04', 49, 1, 1),
(54, '2016-06-04', 50, 1, 1),
(55, '2016-06-04', 51, 1, 1),
(56, '2016-06-04', 52, 1, 1),
(57, '2016-06-04', 53, 1, 1),
(58, '2016-06-04', 54, 1, 1),
(59, '2016-06-04', 1, 8, 1),
(60, '2016-06-04', 2, 8, 1),
(61, '2016-06-04', 3, 8, 1),
(62, '2016-06-04', 1, 14, 1),
(63, '2016-06-05', 55, 1, 1),
(64, '2016-06-05', 56, 1, 1),
(65, '2016-06-05', 57, 1, 1),
(66, '2016-06-05', 58, 1, 1),
(67, '2016-06-05', 59, 1, 1),
(68, '2016-06-05', 4, 2, 1),
(69, '2016-06-05', 5, 2, 1),
(70, '2016-06-05', 6, 2, 1),
(71, '2016-06-05', 4, 8, 1),
(72, '2016-06-05', 2, 14, 1),
(73, '2016-06-06', 60, 1, 1),
(74, '2016-06-06', 7, 2, 1),
(75, '2016-06-06', 1, 1, 3),
(76, '2016-06-06', 2, 1, 3),
(77, '2016-06-06', 3, 1, 3),
(78, '2016-06-06', 4, 1, 3),
(79, '2016-06-06', 5, 1, 3),
(80, '2016-06-06', 6, 1, 3),
(81, '2016-06-06', 7, 1, 3),
(82, '2016-06-06', 8, 1, 3),
(83, '2016-06-06', 9, 1, 3),
(84, '2016-06-06', 10, 1, 3),
(85, '2016-06-06', 11, 1, 3),
(86, '2016-06-06', 1, 2, 3),
(87, '2016-06-06', 2, 2, 3),
(88, '2016-06-06', 3, 2, 3),
(89, '2016-06-06', 4, 2, 3),
(90, '2016-06-06', 5, 2, 3),
(91, '2016-06-06', 6, 2, 3),
(92, '2016-06-06', 7, 2, 3),
(93, '2016-06-06', 8, 2, 3),
(94, '2016-06-06', 9, 2, 3),
(95, '2016-06-06', 10, 2, 3),
(96, '2016-06-06', 11, 2, 3),
(97, '2016-06-06', 12, 2, 3),
(98, '2016-06-06', 13, 2, 3),
(99, '2016-06-06', 14, 2, 3),
(100, '2016-06-06', 15, 2, 3),
(101, '2016-06-06', 16, 2, 3),
(102, '2016-06-06', 17, 2, 3),
(103, '2016-06-06', 18, 2, 3),
(104, '2016-06-06', 19, 2, 3),
(105, '2016-06-06', 20, 2, 3),
(106, '2016-06-06', 21, 2, 3),
(107, '2016-06-06', 22, 2, 3),
(108, '2016-06-06', 23, 2, 3),
(109, '2016-06-06', 24, 2, 3),
(110, '2016-06-06', 25, 2, 3),
(111, '2016-06-06', 26, 2, 3),
(112, '2016-06-06', 27, 2, 3),
(113, '2016-06-06', 28, 2, 3),
(114, '2016-06-06', 29, 2, 3),
(115, '2016-06-06', 30, 2, 3),
(116, '2016-06-06', 31, 2, 3),
(117, '2016-06-06', 32, 2, 3),
(118, '2016-06-06', 33, 2, 3),
(119, '2016-06-06', 34, 2, 3),
(120, '2016-06-06', 35, 2, 3),
(121, '2016-06-06', 36, 2, 3),
(122, '2016-06-06', 37, 2, 3),
(123, '2016-06-06', 38, 2, 3),
(124, '2016-06-06', 39, 2, 3),
(125, '2016-06-06', 40, 2, 3),
(126, '2016-06-06', 1, 8, 3),
(127, '2016-06-06', 2, 8, 3),
(128, '2016-06-06', 41, 2, 3),
(129, '2016-06-06', 42, 2, 3),
(130, '2016-06-06', 43, 2, 3),
(131, '2016-06-06', 44, 2, 3),
(132, '2016-06-06', 45, 2, 3),
(133, '2016-06-06', 46, 2, 3),
(134, '2016-06-06', 47, 2, 3),
(135, '2016-06-06', 48, 2, 3),
(136, '2016-06-06', 49, 2, 3),
(137, '2016-06-06', 50, 2, 3),
(138, '2016-06-06', 51, 2, 3),
(139, '2016-06-06', 52, 2, 3),
(140, '2016-06-06', 53, 2, 3),
(141, '2016-06-06', 54, 2, 3),
(142, '2016-06-06', 55, 2, 3),
(143, '2016-06-06', 56, 2, 3),
(144, '2016-06-06', 57, 2, 3),
(145, '2016-06-06', 58, 2, 3),
(146, '2016-06-06', 59, 2, 3),
(147, '2016-06-06', 60, 2, 3),
(148, '2016-06-06', 61, 2, 3),
(149, '2016-06-06', 62, 2, 3),
(150, '2016-06-06', 63, 2, 3),
(151, '2016-06-06', 64, 2, 3),
(152, '2016-06-06', 65, 2, 3),
(153, '2016-06-06', 66, 2, 3),
(154, '2016-06-06', 67, 2, 3),
(155, '2016-06-06', 68, 2, 3),
(156, '2016-06-06', 69, 2, 3),
(157, '2016-06-06', 70, 2, 3),
(158, '2016-06-06', 71, 2, 3),
(159, '2016-06-06', 72, 2, 3),
(160, '2016-06-06', 73, 2, 3),
(161, '2016-06-06', 74, 2, 3),
(162, '2016-06-06', 75, 2, 3),
(163, '2016-06-06', 76, 2, 3),
(164, '2016-06-06', 77, 2, 3),
(165, '2016-06-06', 78, 2, 3),
(166, '2016-06-06', 79, 2, 3),
(167, '2016-06-06', 80, 2, 3),
(168, '2016-06-06', 81, 2, 3),
(169, '2016-06-06', 82, 2, 3),
(170, '2016-06-06', 83, 2, 3),
(171, '2016-06-06', 84, 2, 3),
(172, '2016-06-06', 85, 2, 3),
(173, '2016-06-06', 86, 2, 3),
(174, '2016-06-06', 87, 2, 3),
(175, '2016-06-06', 88, 2, 3),
(176, '2016-06-06', 12, 1, 3),
(177, '2016-06-06', 13, 1, 3),
(178, '2016-06-06', 14, 1, 3),
(179, '2016-06-06', 15, 1, 3),
(180, '2016-06-06', 16, 1, 3),
(181, '2016-06-06', 17, 1, 3),
(182, '2016-06-06', 18, 1, 3),
(183, '2016-06-06', 19, 1, 3),
(184, '2016-06-06', 20, 1, 3),
(185, '2016-06-06', 21, 1, 3),
(186, '2016-06-06', 22, 1, 3),
(187, '2016-06-06', 23, 1, 3),
(188, '2016-06-06', 24, 1, 3),
(189, '2016-06-06', 25, 1, 3),
(190, '2016-06-06', 26, 1, 3),
(191, '2016-06-06', 27, 1, 3),
(192, '2016-06-06', 28, 1, 3),
(193, '2016-06-06', 29, 1, 3),
(194, '2016-06-06', 30, 1, 3),
(195, '2016-06-06', 31, 1, 3),
(196, '2016-06-06', 32, 1, 3),
(197, '2016-06-06', 33, 1, 3),
(198, '2016-06-06', 34, 1, 3),
(199, '2016-06-06', 35, 1, 3),
(200, '2016-06-06', 36, 1, 3),
(201, '2016-06-06', 37, 1, 3),
(202, '2016-06-06', 38, 1, 3),
(203, '2016-06-06', 39, 1, 3),
(204, '2016-06-06', 40, 1, 3),
(205, '2016-06-06', 41, 1, 3),
(206, '2016-06-06', 42, 1, 3),
(207, '2016-06-06', 43, 1, 3),
(208, '2016-06-06', 44, 1, 3),
(209, '2016-06-06', 45, 1, 3),
(210, '2016-06-06', 46, 1, 3),
(211, '2016-06-06', 47, 1, 3),
(212, '2016-06-06', 48, 1, 3),
(213, '2016-06-06', 49, 1, 3),
(214, '2016-06-06', 50, 1, 3),
(215, '2016-06-06', 51, 1, 3),
(216, '2016-06-06', 52, 1, 3),
(217, '2016-06-06', 53, 1, 3),
(218, '2016-06-06', 54, 1, 3),
(219, '2016-06-06', 55, 1, 3),
(220, '2016-06-06', 56, 1, 3),
(221, '2016-06-06', 57, 1, 3),
(222, '2016-06-06', 58, 1, 3),
(223, '2016-06-06', 59, 1, 3),
(224, '2016-06-06', 60, 1, 3),
(225, '2016-06-06', 61, 1, 3),
(226, '2016-06-06', 1, 2, 4),
(227, '2016-06-06', 2, 2, 4),
(228, '2016-06-06', 3, 2, 4),
(229, '2016-06-06', 4, 2, 4),
(230, '2016-06-06', 5, 2, 4),
(231, '2016-06-06', 6, 2, 4),
(232, '2016-06-06', 7, 2, 4),
(233, '2016-06-06', 8, 2, 4),
(234, '2016-06-06', 9, 2, 4),
(235, '2016-06-06', 10, 2, 4),
(236, '2016-06-06', 11, 2, 4),
(237, '2016-06-06', 12, 2, 4),
(238, '2016-06-06', 13, 2, 4),
(239, '2016-06-06', 14, 2, 4),
(240, '2016-06-06', 15, 2, 4),
(241, '2016-06-06', 16, 2, 4),
(242, '2016-06-06', 17, 2, 4),
(243, '2016-06-06', 18, 2, 4),
(244, '2016-06-06', 19, 2, 4),
(245, '2016-06-06', 20, 2, 4),
(246, '2016-06-06', 21, 2, 4),
(247, '2016-06-06', 22, 2, 4),
(248, '2016-06-06', 23, 2, 4),
(249, '2016-06-06', 24, 2, 4),
(250, '2016-06-06', 25, 2, 4),
(251, '2016-06-06', 1, 1, 4),
(252, '2016-06-06', 2, 1, 4),
(253, '2016-06-06', 3, 1, 4),
(254, '2016-06-06', 4, 1, 4),
(255, '2016-06-06', 5, 1, 4),
(256, '2016-06-06', 6, 1, 4),
(257, '2016-06-06', 7, 1, 4),
(258, '2016-06-06', 8, 1, 4),
(259, '2016-06-06', 9, 1, 4),
(260, '2016-06-06', 10, 1, 4),
(261, '2016-06-06', 11, 1, 4),
(262, '2016-06-06', 12, 1, 4),
(263, '2016-06-06', 13, 1, 4),
(264, '2016-06-06', 14, 1, 4),
(265, '2016-06-06', 15, 1, 4),
(266, '2016-06-06', 16, 1, 4),
(267, '2016-06-06', 17, 1, 4),
(268, '2016-06-06', 18, 1, 4),
(269, '2016-06-06', 19, 1, 4),
(270, '2016-06-06', 20, 1, 4),
(271, '2016-06-06', 21, 1, 4),
(272, '2016-06-06', 22, 1, 4),
(273, '2016-06-06', 23, 1, 4),
(274, '2016-06-06', 24, 1, 4),
(275, '2016-06-06', 25, 1, 4),
(276, '2016-06-06', 26, 1, 4),
(277, '2016-06-06', 27, 1, 4),
(278, '2016-06-06', 28, 1, 4),
(279, '2016-06-06', 29, 1, 4),
(280, '2016-06-06', 30, 1, 4),
(281, '2016-06-06', 31, 1, 4),
(282, '2016-06-06', 32, 1, 4),
(283, '2016-06-06', 33, 1, 4),
(284, '2016-06-06', 34, 1, 4),
(285, '2016-06-06', 35, 1, 4),
(286, '2016-06-06', 36, 1, 4),
(287, '2016-06-06', 37, 1, 4),
(288, '2016-06-06', 38, 1, 4),
(289, '2016-06-06', 39, 1, 4),
(290, '2016-06-06', 40, 1, 4),
(291, '2016-06-06', 41, 1, 4),
(292, '2016-06-06', 42, 1, 4),
(293, '2016-06-06', 43, 1, 4),
(294, '2016-06-06', 44, 1, 4),
(295, '2016-06-06', 45, 1, 4),
(296, '2016-06-06', 46, 1, 4),
(297, '2016-06-06', 47, 1, 4),
(298, '2016-06-06', 48, 1, 4),
(299, '2016-06-06', 49, 1, 4),
(300, '2016-06-06', 50, 1, 4),
(301, '2016-06-06', 51, 1, 4),
(302, '2016-06-06', 52, 1, 4),
(303, '2016-06-06', 53, 1, 4),
(304, '2016-06-06', 54, 1, 4),
(305, '2016-06-06', 55, 1, 4),
(306, '2016-06-06', 56, 1, 4),
(307, '2016-06-06', 57, 1, 4),
(308, '2016-06-06', 58, 1, 4),
(309, '2016-06-06', 59, 1, 4),
(310, '2016-06-06', 60, 1, 4),
(311, '2016-06-06', 61, 1, 4),
(312, '2016-06-07', 1, 20, 1),
(313, '2016-06-07', 1, 13, 1),
(314, '2016-06-16', 61, 1, 1),
(315, '2016-06-16', 62, 1, 1),
(316, '2016-06-17', 62, 1, 3),
(317, '2016-06-17', 89, 2, 3),
(318, '2016-06-17', 3, 8, 3),
(319, '2016-06-17', 63, 1, 3),
(320, '2016-06-17', 64, 1, 3),
(321, '2016-06-17', 65, 1, 3),
(322, '2016-06-30', 1, 8, 2),
(323, '2016-06-30', 1, 14, 2),
(324, '2016-06-30', 1, 21, 2),
(325, '2016-06-30', 1, 1, 2),
(326, '2016-06-30', 2, 1, 2),
(327, '2016-06-30', 3, 1, 2),
(328, '2016-06-30', 4, 1, 2),
(329, '2016-06-30', 5, 1, 2),
(330, '2016-06-30', 1, 3, 1),
(331, '2016-06-30', 2, 3, 1),
(332, '2016-06-30', 3, 3, 1),
(333, '2016-06-30', 4, 3, 1),
(334, '2016-06-30', 5, 3, 1),
(335, '2016-06-30', 2, 8, 2),
(336, '2016-10-31', 6, 1, 2),
(337, '2016-10-31', 7, 1, 2),
(338, '2016-10-31', 8, 1, 2),
(339, '2016-10-31', 9, 1, 2);

-- --------------------------------------------------------

--
-- Table structure for table `seccion`
--

CREATE TABLE `seccion` (
  `id_seccion` int(11) NOT NULL,
  `grupo` varchar(2) NOT NULL,
  `id_grado` int(11) NOT NULL
) ENGINE=InnoDB DEFAULT CHARSET=latin1;

--
-- Dumping data for table `seccion`
--

INSERT INTO `seccion` (`id_seccion`, `grupo`, `id_grado`) VALUES
(30, 'A', 1),
(31, 'B', 1);

-- --------------------------------------------------------

--
-- Table structure for table `seccion_imagen`
--

CREATE TABLE `seccion_imagen` (
  `id_seccion_imagen` int(11) NOT NULL,
  `id_seccion` int(11) NOT NULL,
  `id_imagen` int(11) NOT NULL
) ENGINE=InnoDB DEFAULT CHARSET=latin1;

--
-- Dumping data for table `seccion_imagen`
--

INSERT INTO `seccion_imagen` (`id_seccion_imagen`, `id_seccion`, `id_imagen`) VALUES
(1, 30, 1),
(2, 30, 2),
(3, 30, 3),
(4, 30, 4),
(5, 30, 5),
(6, 30, 6),
(7, 30, 7),
(8, 30, 8),
(9, 30, 9),
(10, 30, 10),
(11, 30, 11),
(12, 30, 12),
(13, 30, 13),
(14, 30, 14),
(15, 30, 15),
(16, 30, 16),
(17, 30, 17),
(18, 30, 18),
(19, 30, 19),
(20, 30, 20),
(21, 30, 21),
(22, 30, 22),
(23, 30, 23),
(24, 30, 24),
(25, 30, 25),
(26, 30, 26),
(27, 30, 27),
(28, 30, 28),
(29, 30, 29),
(30, 30, 30),
(31, 30, 31),
(33, 30, 33),
(34, 30, 34),
(35, 30, 35),
(36, 30, 36),
(37, 30, 37),
(38, 30, 38),
(39, 30, 39),
(40, 30, 40),
(41, 30, 41),
(42, 30, 42),
(43, 30, 43),
(44, 30, 44),
(45, 30, 45),
(71, 30, 71),
(72, 30, 72),
(73, 30, 73),
(74, 30, 74),
(75, 30, 75),
(76, 30, 76),
(77, 30, 77),
(78, 30, 78),
(79, 30, 79),
(80, 30, 80),
(81, 30, 81),
(82, 30, 82),
(83, 30, 83),
(84, 30, 84),
(85, 30, 85),
(86, 30, 86),
(87, 30, 87),
(88, 30, 88),
(89, 30, 89),
(90, 30, 90),
(91, 30, 91),
(92, 30, 92),
(46, 31, 46),
(47, 31, 47),
(48, 31, 48),
(49, 31, 49),
(50, 31, 50),
(51, 31, 51),
(52, 31, 52),
(53, 31, 53),
(54, 31, 54),
(55, 31, 55),
(56, 31, 56),
(57, 31, 57),
(59, 31, 59),
(60, 31, 60),
(61, 31, 61),
(62, 31, 62),
(63, 31, 63),
(64, 31, 64),
(65, 31, 65),
(66, 31, 66),
(67, 31, 67),
(68, 31, 68),
(69, 31, 69),
(70, 31, 70);

-- --------------------------------------------------------

--
-- Table structure for table `secuencia`
--

CREATE TABLE `secuencia` (
  `id_secuencia` int(11) NOT NULL,
  `ordenamiento` varchar(255) NOT NULL
) ENGINE=InnoDB DEFAULT CHARSET=utf8;

-- --------------------------------------------------------

--
-- Table structure for table `sesion_usuario`
--

CREATE TABLE `sesion_usuario` (
  `id_sesion_usuario` int(11) NOT NULL,
  `hora_inicio` time NOT NULL,
  `hora_fin` time NOT NULL,
  `fecha_sesion` date NOT NULL,
  `id_usuario` int(11) NOT NULL
) ENGINE=InnoDB DEFAULT CHARSET=latin1;

--
-- Dumping data for table `sesion_usuario`
--

INSERT INTO `sesion_usuario` (`id_sesion_usuario`, `hora_inicio`, `hora_fin`, `fecha_sesion`, `id_usuario`) VALUES
(84, '11:59:41', '00:00:00', '2016-05-16', 1),
(85, '08:39:04', '10:35:52', '2016-05-17', 1),
(86, '10:36:06', '00:00:00', '2016-05-17', 1),
(87, '08:28:00', '00:00:00', '2016-05-23', 1),
(88, '12:39:16', '00:00:00', '2016-05-23', 1),
(89, '13:50:47', '14:09:15', '2016-05-26', 2),
(90, '14:13:05', '15:03:39', '2016-05-26', 2),
(91, '09:33:11', '00:00:00', '2016-06-02', 2),
(92, '18:38:41', '18:38:45', '2016-06-04', 2),
(93, '10:35:50', '10:48:49', '2016-06-05', 2),
(94, '10:57:53', '11:01:49', '2016-06-06', 2),
(95, '08:57:33', '08:57:38', '2016-06-07', 2),
(96, '09:18:55', '10:19:25', '2016-06-07', 2),
(97, '09:19:56', '00:00:00', '2016-06-07', 2),
(98, '09:21:14', '09:30:24', '2016-06-07', 2),
(99, '09:31:29', '09:50:37', '2016-06-07', 1),
(100, '09:50:53', '00:00:00', '2016-06-07', 2),
(101, '11:36:00', '00:00:00', '2016-06-17', 2),
(102, '09:36:44', '09:58:27', '2016-06-30', 2),
(103, '10:02:54', '10:03:15', '2016-06-30', 1),
(104, '10:03:38', '10:03:59', '2016-06-30', 2),
(105, '10:04:11', '10:04:24', '2016-06-30', 1),
(106, '10:04:49', '11:43:36', '2016-06-30', 2),
(107, '18:38:27', '18:42:48', '2016-06-30', 1),
(108, '18:43:03', '18:45:39', '2016-06-30', 2),
(109, '22:04:10', '22:04:29', '2016-06-30', 2),
(110, '22:41:08', '23:40:12', '2016-06-30', 1);

-- --------------------------------------------------------

--
-- Table structure for table `telefono`
--

CREATE TABLE `telefono` (
  `id_telefono` int(11) NOT NULL,
  `numero` varchar(7) NOT NULL,
  `id_codigo_tele` int(11) NOT NULL
) ENGINE=InnoDB DEFAULT CHARSET=latin1;

--
-- Dumping data for table `telefono`
--

INSERT INTO `telefono` (`id_telefono`, `numero`, `id_codigo_tele`) VALUES
(1, '5424362', 7),
(2, '5654445', 1),
(3, '3444444', 3),
(4, '7898988', 5),
(5, '8798444', 6),
(6, '5678788', 3);

-- --------------------------------------------------------

--
-- Table structure for table `telefono_docente`
--

CREATE TABLE `telefono_docente` (
  `id_telefono_docente` int(11) NOT NULL,
  `id_docente` int(11) NOT NULL,
  `id_telefono` int(11) NOT NULL
) ENGINE=InnoDB DEFAULT CHARSET=latin1;

--
-- Dumping data for table `telefono_docente`
--

INSERT INTO `telefono_docente` (`id_telefono_docente`, `id_docente`, `id_telefono`) VALUES
(1, 1, 1),
(2, 3, 3);

-- --------------------------------------------------------

--
-- Table structure for table `telefono_estudiante`
--

CREATE TABLE `telefono_estudiante` (
  `id_telefono_estudiante` int(11) NOT NULL,
  `id_estudiante` int(11) NOT NULL,
  `id_telefono` int(11) NOT NULL
) ENGINE=InnoDB DEFAULT CHARSET=latin1;

--
-- Dumping data for table `telefono_estudiante`
--

INSERT INTO `telefono_estudiante` (`id_telefono_estudiante`, `id_estudiante`, `id_telefono`) VALUES
(1, 7, 2),
(2, 8, 4),
(3, 9, 5),
(4, 10, 6);

-- --------------------------------------------------------

--
-- Table structure for table `tipo_usuario`
--

CREATE TABLE `tipo_usuario` (
  `id_tipo_usuario` int(11) NOT NULL,
  `descripcion_tipo_usuario` varchar(30) COLLATE utf8_spanish_ci NOT NULL
) ENGINE=InnoDB DEFAULT CHARSET=utf8 COLLATE=utf8_spanish_ci;

--
-- Dumping data for table `tipo_usuario`
--

INSERT INTO `tipo_usuario` (`id_tipo_usuario`, `descripcion_tipo_usuario`) VALUES
(1, 'ADMINISTRATOR'),
(2, 'CLASSROOM TEACHER'),
(3, 'I.T. TEACHER'),
(4, 'PRINCIPAL');

-- --------------------------------------------------------

--
-- Table structure for table `usuario`
--

CREATE TABLE `usuario` (
  `id_usuario` int(11) NOT NULL,
  `nombre_usuario` varchar(25) NOT NULL,
  `clave_usuario` varchar(255) NOT NULL,
  `estatus_usuario` char(1) NOT NULL,
  `id_tipo_usuario` int(11) NOT NULL
) ENGINE=InnoDB DEFAULT CHARSET=latin1;

--
-- Dumping data for table `usuario`
--

INSERT INTO `usuario` (`id_usuario`, `nombre_usuario`, `clave_usuario`, `estatus_usuario`, `id_tipo_usuario`) VALUES
(1, 'ADMIN', 'Cbit123', 'A', 1),
(2, 'jsubero', 'jvsl00vale', 'A', 3),
(3, 'OLDEANA', 'jvsl00vale', 'A', 2),
(4, 'jaeson', 'Cbit123', 'A', 3);

--
-- Indexes for dumped tables
--

--
-- Indexes for table `actividad`
--
ALTER TABLE `actividad`
  ADD PRIMARY KEY (`id_actividad`),
  ADD KEY `id_area` (`id_area`);

--
-- Indexes for table `actividad_imagen`
--
ALTER TABLE `actividad_imagen`
  ADD PRIMARY KEY (`id_actividad_imagen`),
  ADD KEY `id_galeria` (`id_imagen`),
  ADD KEY `id_actividad` (`id_actividad`);

--
-- Indexes for table `agrupacion`
--
ALTER TABLE `agrupacion`
  ADD PRIMARY KEY (`id_agrupacion`);

--
-- Indexes for table `agrupacion_imagen`
--
ALTER TABLE `agrupacion_imagen`
  ADD PRIMARY KEY (`id_agrupacion_imagen`),
  ADD KEY `id_agrupacion` (`id_agrupacion`,`id_imagen`),
  ADD KEY `id_imagen` (`id_imagen`);

--
-- Indexes for table `ano_escolar`
--
ALTER TABLE `ano_escolar`
  ADD PRIMARY KEY (`id_ano_escolar`);

--
-- Indexes for table `area`
--
ALTER TABLE `area`
  ADD PRIMARY KEY (`id_area`);

--
-- Indexes for table `asignacion_funcion`
--
ALTER TABLE `asignacion_funcion`
  ADD PRIMARY KEY (`id_asignacion_funcion`),
  ADD KEY `id_tipo_usuario` (`id_tipo_usuario`),
  ADD KEY `id_funcion_usuario` (`id_funcion_usuario`);

--
-- Indexes for table `bitacora`
--
ALTER TABLE `bitacora`
  ADD PRIMARY KEY (`id_bitacora`),
  ADD KEY `id_usuario` (`id_usuario`);

--
-- Indexes for table `codigo_tele`
--
ALTER TABLE `codigo_tele`
  ADD PRIMARY KEY (`id_codigo_tele`),
  ADD UNIQUE KEY `opcion` (`opcion_codigo`);

--
-- Indexes for table `contenido`
--
ALTER TABLE `contenido`
  ADD PRIMARY KEY (`id_contenido`);

--
-- Indexes for table `contenido_imagen`
--
ALTER TABLE `contenido_imagen`
  ADD PRIMARY KEY (`id_contenido_imagen`),
  ADD KEY `id_tema` (`id_contenido`),
  ADD KEY `id_galeria` (`id_imagen`);

--
-- Indexes for table `discapacidad`
--
ALTER TABLE `discapacidad`
  ADD PRIMARY KEY (`id_discapacidad`);

--
-- Indexes for table `docente`
--
ALTER TABLE `docente`
  ADD PRIMARY KEY (`id_docente`),
  ADD UNIQUE KEY `cedula` (`cedula`),
  ADD KEY `id_usuario` (`id_usuario`);

--
-- Indexes for table `docente_seccion`
--
ALTER TABLE `docente_seccion`
  ADD PRIMARY KEY (`id_docente_seccion`),
  ADD KEY `id_ano_escolar` (`id_ano_escolar`,`id_docente`,`id_seccion`),
  ADD KEY `id_docente` (`id_docente`),
  ADD KEY `id_seccion` (`id_seccion`),
  ADD KEY `id_docente_2` (`id_docente`);

--
-- Indexes for table `ejercicio`
--
ALTER TABLE `ejercicio`
  ADD PRIMARY KEY (`id_ejercicio`),
  ADD KEY `id_prueba` (`id_prueba`);

--
-- Indexes for table `ejercicio_imagen`
--
ALTER TABLE `ejercicio_imagen`
  ADD PRIMARY KEY (`id_ejercicio_imagen`),
  ADD KEY `id_ejercicio_realizado` (`id_ejercicio`,`id_imagen`),
  ADD KEY `id_imagen` (`id_imagen`);

--
-- Indexes for table `ejercicio_letra`
--
ALTER TABLE `ejercicio_letra`
  ADD PRIMARY KEY (`id_ejercicio_letra`),
  ADD KEY `id_ejercicio` (`id_ejercicio`,`id_letra`),
  ADD KEY `id_letra` (`id_letra`);

--
-- Indexes for table `ejercicio_secuencia`
--
ALTER TABLE `ejercicio_secuencia`
  ADD PRIMARY KEY (`id_ejercicio_secuencia`),
  ADD KEY `id_ejercicio` (`id_ejercicio`,`id_secuencia`),
  ADD KEY `id_secuencia` (`id_secuencia`);

--
-- Indexes for table `estudiante`
--
ALTER TABLE `estudiante`
  ADD PRIMARY KEY (`id_estudiante`),
  ADD KEY `id_df` (`id_discapacidad`);

--
-- Indexes for table `estudiante_seccion`
--
ALTER TABLE `estudiante_seccion`
  ADD PRIMARY KEY (`id_estudiante_seccion`),
  ADD KEY `id_ano_escolar` (`id_ano_escolar`,`id_estudiante`,`id_seccion`),
  ADD KEY `id_alumno` (`id_estudiante`),
  ADD KEY `id_seccion` (`id_seccion`),
  ADD KEY `id_estudiante` (`id_estudiante`);

--
-- Indexes for table `funcion_usuario`
--
ALTER TABLE `funcion_usuario`
  ADD PRIMARY KEY (`id_funcion_usuario`);

--
-- Indexes for table `grado`
--
ALTER TABLE `grado`
  ADD PRIMARY KEY (`id_grado`),
  ADD UNIQUE KEY `nivel` (`nivel`);

--
-- Indexes for table `imagen`
--
ALTER TABLE `imagen`
  ADD PRIMARY KEY (`id_imagen`);

--
-- Indexes for table `letra`
--
ALTER TABLE `letra`
  ADD PRIMARY KEY (`id_letra`);

--
-- Indexes for table `prueba`
--
ALTER TABLE `prueba`
  ADD PRIMARY KEY (`id_prueba`),
  ADD KEY `id_actividad` (`id_actividad`),
  ADD KEY `id_alumno_seccion` (`id_estudiante_seccion`);

--
-- Indexes for table `seccion`
--
ALTER TABLE `seccion`
  ADD PRIMARY KEY (`id_seccion`),
  ADD KEY `id_grado` (`id_grado`);

--
-- Indexes for table `seccion_imagen`
--
ALTER TABLE `seccion_imagen`
  ADD PRIMARY KEY (`id_seccion_imagen`),
  ADD KEY `id_seccion` (`id_seccion`,`id_imagen`),
  ADD KEY `id_imagen` (`id_imagen`);

--
-- Indexes for table `secuencia`
--
ALTER TABLE `secuencia`
  ADD PRIMARY KEY (`id_secuencia`);

--
-- Indexes for table `sesion_usuario`
--
ALTER TABLE `sesion_usuario`
  ADD PRIMARY KEY (`id_sesion_usuario`),
  ADD KEY `id_usuario` (`id_usuario`);

--
-- Indexes for table `telefono`
--
ALTER TABLE `telefono`
  ADD PRIMARY KEY (`id_telefono`),
  ADD KEY `id_codigo` (`id_codigo_tele`);

--
-- Indexes for table `telefono_docente`
--
ALTER TABLE `telefono_docente`
  ADD PRIMARY KEY (`id_telefono_docente`),
  ADD KEY `id_docente` (`id_docente`),
  ADD KEY `id_telefono` (`id_telefono`);

--
-- Indexes for table `telefono_estudiante`
--
ALTER TABLE `telefono_estudiante`
  ADD PRIMARY KEY (`id_telefono_estudiante`),
  ADD KEY `id_estudiante` (`id_estudiante`),
  ADD KEY `id_telefono` (`id_telefono`);

--
-- Indexes for table `tipo_usuario`
--
ALTER TABLE `tipo_usuario`
  ADD PRIMARY KEY (`id_tipo_usuario`);

--
-- Indexes for table `usuario`
--
ALTER TABLE `usuario`
  ADD PRIMARY KEY (`id_usuario`),
  ADD UNIQUE KEY `nombre_usuario` (`nombre_usuario`),
  ADD KEY `id_tipo_usuario` (`id_tipo_usuario`);

--
-- AUTO_INCREMENT for dumped tables
--

--
-- AUTO_INCREMENT for table `actividad`
--
ALTER TABLE `actividad`
  MODIFY `id_actividad` int(11) NOT NULL AUTO_INCREMENT, AUTO_INCREMENT=23;
--
-- AUTO_INCREMENT for table `actividad_imagen`
--
ALTER TABLE `actividad_imagen`
  MODIFY `id_actividad_imagen` int(11) NOT NULL AUTO_INCREMENT, AUTO_INCREMENT=654;
--
-- AUTO_INCREMENT for table `agrupacion`
--
ALTER TABLE `agrupacion`
  MODIFY `id_agrupacion` int(11) NOT NULL AUTO_INCREMENT;
--
-- AUTO_INCREMENT for table `agrupacion_imagen`
--
ALTER TABLE `agrupacion_imagen`
  MODIFY `id_agrupacion_imagen` int(11) NOT NULL AUTO_INCREMENT;
--
-- AUTO_INCREMENT for table `ano_escolar`
--
ALTER TABLE `ano_escolar`
  MODIFY `id_ano_escolar` int(11) NOT NULL AUTO_INCREMENT, AUTO_INCREMENT=2;
--
-- AUTO_INCREMENT for table `area`
--
ALTER TABLE `area`
  MODIFY `id_area` int(11) NOT NULL AUTO_INCREMENT, AUTO_INCREMENT=3;
--
-- AUTO_INCREMENT for table `asignacion_funcion`
--
ALTER TABLE `asignacion_funcion`
  MODIFY `id_asignacion_funcion` int(11) NOT NULL AUTO_INCREMENT, AUTO_INCREMENT=47;
--
-- AUTO_INCREMENT for table `bitacora`
--
ALTER TABLE `bitacora`
  MODIFY `id_bitacora` int(11) NOT NULL AUTO_INCREMENT, AUTO_INCREMENT=166;
--
-- AUTO_INCREMENT for table `codigo_tele`
--
ALTER TABLE `codigo_tele`
  MODIFY `id_codigo_tele` int(11) NOT NULL AUTO_INCREMENT, AUTO_INCREMENT=9;
--
-- AUTO_INCREMENT for table `contenido`
--
ALTER TABLE `contenido`
  MODIFY `id_contenido` int(11) NOT NULL AUTO_INCREMENT, AUTO_INCREMENT=10;
--
-- AUTO_INCREMENT for table `contenido_imagen`
--
ALTER TABLE `contenido_imagen`
  MODIFY `id_contenido_imagen` int(11) NOT NULL AUTO_INCREMENT, AUTO_INCREMENT=94;
--
-- AUTO_INCREMENT for table `discapacidad`
--
ALTER TABLE `discapacidad`
  MODIFY `id_discapacidad` int(11) NOT NULL AUTO_INCREMENT, AUTO_INCREMENT=8;
--
-- AUTO_INCREMENT for table `docente`
--
ALTER TABLE `docente`
  MODIFY `id_docente` int(11) NOT NULL AUTO_INCREMENT, AUTO_INCREMENT=4;
--
-- AUTO_INCREMENT for table `docente_seccion`
--
ALTER TABLE `docente_seccion`
  MODIFY `id_docente_seccion` int(11) NOT NULL AUTO_INCREMENT, AUTO_INCREMENT=3;
--
-- AUTO_INCREMENT for table `ejercicio`
--
ALTER TABLE `ejercicio`
  MODIFY `id_ejercicio` int(11) NOT NULL AUTO_INCREMENT, AUTO_INCREMENT=348;
--
-- AUTO_INCREMENT for table `ejercicio_imagen`
--
ALTER TABLE `ejercicio_imagen`
  MODIFY `id_ejercicio_imagen` int(11) NOT NULL AUTO_INCREMENT, AUTO_INCREMENT=366;
--
-- AUTO_INCREMENT for table `ejercicio_letra`
--
ALTER TABLE `ejercicio_letra`
  MODIFY `id_ejercicio_letra` int(11) NOT NULL AUTO_INCREMENT, AUTO_INCREMENT=2;
--
-- AUTO_INCREMENT for table `ejercicio_secuencia`
--
ALTER TABLE `ejercicio_secuencia`
  MODIFY `id_ejercicio_secuencia` int(11) NOT NULL AUTO_INCREMENT;
--
-- AUTO_INCREMENT for table `estudiante`
--
ALTER TABLE `estudiante`
  MODIFY `id_estudiante` int(11) NOT NULL AUTO_INCREMENT, AUTO_INCREMENT=11;
--
-- AUTO_INCREMENT for table `estudiante_seccion`
--
ALTER TABLE `estudiante_seccion`
  MODIFY `id_estudiante_seccion` int(11) NOT NULL AUTO_INCREMENT, AUTO_INCREMENT=5;
--
-- AUTO_INCREMENT for table `funcion_usuario`
--
ALTER TABLE `funcion_usuario`
  MODIFY `id_funcion_usuario` int(11) NOT NULL AUTO_INCREMENT, AUTO_INCREMENT=17;
--
-- AUTO_INCREMENT for table `grado`
--
ALTER TABLE `grado`
  MODIFY `id_grado` int(11) NOT NULL AUTO_INCREMENT, AUTO_INCREMENT=7;
--
-- AUTO_INCREMENT for table `imagen`
--
ALTER TABLE `imagen`
  MODIFY `id_imagen` int(11) NOT NULL AUTO_INCREMENT, AUTO_INCREMENT=93;
--
-- AUTO_INCREMENT for table `letra`
--
ALTER TABLE `letra`
  MODIFY `id_letra` int(11) NOT NULL AUTO_INCREMENT, AUTO_INCREMENT=2;
--
-- AUTO_INCREMENT for table `prueba`
--
ALTER TABLE `prueba`
  MODIFY `id_prueba` int(11) NOT NULL AUTO_INCREMENT, AUTO_INCREMENT=340;
--
-- AUTO_INCREMENT for table `seccion`
--
ALTER TABLE `seccion`
  MODIFY `id_seccion` int(11) NOT NULL AUTO_INCREMENT, AUTO_INCREMENT=32;
--
-- AUTO_INCREMENT for table `seccion_imagen`
--
ALTER TABLE `seccion_imagen`
  MODIFY `id_seccion_imagen` int(11) NOT NULL AUTO_INCREMENT, AUTO_INCREMENT=93;
--
-- AUTO_INCREMENT for table `secuencia`
--
ALTER TABLE `secuencia`
  MODIFY `id_secuencia` int(11) NOT NULL AUTO_INCREMENT;
--
-- AUTO_INCREMENT for table `sesion_usuario`
--
ALTER TABLE `sesion_usuario`
  MODIFY `id_sesion_usuario` int(11) NOT NULL AUTO_INCREMENT, AUTO_INCREMENT=112;
--
-- AUTO_INCREMENT for table `telefono`
--
ALTER TABLE `telefono`
  MODIFY `id_telefono` int(11) NOT NULL AUTO_INCREMENT, AUTO_INCREMENT=7;
--
-- AUTO_INCREMENT for table `telefono_docente`
--
ALTER TABLE `telefono_docente`
  MODIFY `id_telefono_docente` int(11) NOT NULL AUTO_INCREMENT, AUTO_INCREMENT=3;
--
-- AUTO_INCREMENT for table `telefono_estudiante`
--
ALTER TABLE `telefono_estudiante`
  MODIFY `id_telefono_estudiante` int(11) NOT NULL AUTO_INCREMENT, AUTO_INCREMENT=5;
--
-- AUTO_INCREMENT for table `tipo_usuario`
--
ALTER TABLE `tipo_usuario`
  MODIFY `id_tipo_usuario` int(11) NOT NULL AUTO_INCREMENT, AUTO_INCREMENT=5;
--
-- AUTO_INCREMENT for table `usuario`
--
ALTER TABLE `usuario`
  MODIFY `id_usuario` int(11) NOT NULL AUTO_INCREMENT, AUTO_INCREMENT=5;
--
-- Constraints for dumped tables
--

--
-- Constraints for table `actividad`
--
ALTER TABLE `actividad`
  ADD CONSTRAINT `actividad_ibfk_1` FOREIGN KEY (`id_area`) REFERENCES `area` (`id_area`) ON DELETE CASCADE ON UPDATE CASCADE;

--
-- Constraints for table `actividad_imagen`
--
ALTER TABLE `actividad_imagen`
  ADD CONSTRAINT `actividad_imagen_ibfk_1` FOREIGN KEY (`id_actividad`) REFERENCES `actividad` (`id_actividad`) ON DELETE CASCADE ON UPDATE CASCADE,
  ADD CONSTRAINT `actividad_imagen_ibfk_2` FOREIGN KEY (`id_imagen`) REFERENCES `imagen` (`id_imagen`) ON DELETE CASCADE ON UPDATE CASCADE;

--
-- Constraints for table `agrupacion_imagen`
--
ALTER TABLE `agrupacion_imagen`
  ADD CONSTRAINT `agrupacion_imagen_ibfk_1` FOREIGN KEY (`id_agrupacion`) REFERENCES `agrupacion` (`id_agrupacion`) ON DELETE CASCADE ON UPDATE CASCADE,
  ADD CONSTRAINT `agrupacion_imagen_ibfk_2` FOREIGN KEY (`id_imagen`) REFERENCES `imagen` (`id_imagen`) ON DELETE CASCADE ON UPDATE CASCADE;

--
-- Constraints for table `asignacion_funcion`
--
ALTER TABLE `asignacion_funcion`
  ADD CONSTRAINT `asignacion_funcion_ibfk_1` FOREIGN KEY (`id_funcion_usuario`) REFERENCES `funcion_usuario` (`id_funcion_usuario`) ON DELETE CASCADE ON UPDATE CASCADE,
  ADD CONSTRAINT `asignacion_funcion_ibfk_2` FOREIGN KEY (`id_tipo_usuario`) REFERENCES `tipo_usuario` (`id_tipo_usuario`) ON DELETE CASCADE ON UPDATE CASCADE;

--
-- Constraints for table `contenido_imagen`
--
ALTER TABLE `contenido_imagen`
  ADD CONSTRAINT `contenido_imagen_ibfk_2` FOREIGN KEY (`id_imagen`) REFERENCES `imagen` (`id_imagen`) ON DELETE CASCADE ON UPDATE CASCADE,
  ADD CONSTRAINT `contenido_imagen_ibfk_3` FOREIGN KEY (`id_contenido`) REFERENCES `contenido` (`id_contenido`) ON DELETE CASCADE ON UPDATE CASCADE;

--
-- Constraints for table `docente_seccion`
--
ALTER TABLE `docente_seccion`
  ADD CONSTRAINT `docente_seccion_ibfk_1` FOREIGN KEY (`id_ano_escolar`) REFERENCES `ano_escolar` (`id_ano_escolar`) ON DELETE CASCADE ON UPDATE CASCADE,
  ADD CONSTRAINT `docente_seccion_ibfk_2` FOREIGN KEY (`id_docente`) REFERENCES `docente` (`id_docente`) ON DELETE CASCADE ON UPDATE CASCADE,
  ADD CONSTRAINT `docente_seccion_ibfk_3` FOREIGN KEY (`id_seccion`) REFERENCES `seccion` (`id_seccion`) ON DELETE CASCADE ON UPDATE CASCADE;

--
-- Constraints for table `ejercicio`
--
ALTER TABLE `ejercicio`
  ADD CONSTRAINT `ejercicio_ibfk_1` FOREIGN KEY (`id_prueba`) REFERENCES `prueba` (`id_prueba`) ON DELETE CASCADE ON UPDATE CASCADE;

--
-- Constraints for table `ejercicio_imagen`
--
ALTER TABLE `ejercicio_imagen`
  ADD CONSTRAINT `ejercicio_imagen_ibfk_1` FOREIGN KEY (`id_ejercicio`) REFERENCES `ejercicio` (`id_ejercicio`) ON DELETE CASCADE ON UPDATE CASCADE,
  ADD CONSTRAINT `ejercicio_imagen_ibfk_2` FOREIGN KEY (`id_imagen`) REFERENCES `imagen` (`id_imagen`) ON DELETE CASCADE ON UPDATE CASCADE;

--
-- Constraints for table `ejercicio_letra`
--
ALTER TABLE `ejercicio_letra`
  ADD CONSTRAINT `ejercicio_letra_ibfk_1` FOREIGN KEY (`id_ejercicio`) REFERENCES `ejercicio` (`id_ejercicio`) ON DELETE CASCADE ON UPDATE CASCADE,
  ADD CONSTRAINT `ejercicio_letra_ibfk_2` FOREIGN KEY (`id_letra`) REFERENCES `letra` (`id_letra`) ON DELETE CASCADE ON UPDATE CASCADE;

--
-- Constraints for table `ejercicio_secuencia`
--
ALTER TABLE `ejercicio_secuencia`
  ADD CONSTRAINT `ejercicio_secuencia_ibfk_1` FOREIGN KEY (`id_ejercicio`) REFERENCES `ejercicio` (`id_ejercicio`) ON DELETE CASCADE ON UPDATE CASCADE,
  ADD CONSTRAINT `ejercicio_secuencia_ibfk_2` FOREIGN KEY (`id_secuencia`) REFERENCES `secuencia` (`id_secuencia`) ON DELETE CASCADE ON UPDATE CASCADE;

--
-- Constraints for table `estudiante`
--
ALTER TABLE `estudiante`
  ADD CONSTRAINT `estudiante_ibfk_1` FOREIGN KEY (`id_discapacidad`) REFERENCES `discapacidad` (`id_discapacidad`) ON DELETE CASCADE ON UPDATE CASCADE;

--
-- Constraints for table `estudiante_seccion`
--
ALTER TABLE `estudiante_seccion`
  ADD CONSTRAINT `estudiante_seccion_ibfk_1` FOREIGN KEY (`id_ano_escolar`) REFERENCES `ano_escolar` (`id_ano_escolar`) ON DELETE CASCADE ON UPDATE CASCADE,
  ADD CONSTRAINT `estudiante_seccion_ibfk_2` FOREIGN KEY (`id_estudiante`) REFERENCES `estudiante` (`id_estudiante`) ON DELETE CASCADE ON UPDATE CASCADE,
  ADD CONSTRAINT `estudiante_seccion_ibfk_3` FOREIGN KEY (`id_seccion`) REFERENCES `seccion` (`id_seccion`) ON DELETE CASCADE ON UPDATE CASCADE;

--
-- Constraints for table `prueba`
--
ALTER TABLE `prueba`
  ADD CONSTRAINT `prueba_ibfk_1` FOREIGN KEY (`id_actividad`) REFERENCES `actividad` (`id_actividad`) ON DELETE CASCADE ON UPDATE CASCADE,
  ADD CONSTRAINT `prueba_ibfk_2` FOREIGN KEY (`id_estudiante_seccion`) REFERENCES `estudiante_seccion` (`id_estudiante_seccion`) ON DELETE CASCADE ON UPDATE CASCADE;

--
-- Constraints for table `seccion`
--
ALTER TABLE `seccion`
  ADD CONSTRAINT `seccion_ibfk_1` FOREIGN KEY (`id_grado`) REFERENCES `grado` (`id_grado`) ON DELETE CASCADE ON UPDATE CASCADE;

--
-- Constraints for table `seccion_imagen`
--
ALTER TABLE `seccion_imagen`
  ADD CONSTRAINT `seccion_imagen_ibfk_1` FOREIGN KEY (`id_seccion`) REFERENCES `seccion` (`id_seccion`) ON DELETE CASCADE ON UPDATE CASCADE,
  ADD CONSTRAINT `seccion_imagen_ibfk_2` FOREIGN KEY (`id_imagen`) REFERENCES `imagen` (`id_imagen`) ON DELETE CASCADE ON UPDATE CASCADE;

--
-- Constraints for table `sesion_usuario`
--
ALTER TABLE `sesion_usuario`
  ADD CONSTRAINT `sesion_usuario_ibfk_1` FOREIGN KEY (`id_usuario`) REFERENCES `escuela`.`usuario` (`id_usuario`) ON DELETE CASCADE ON UPDATE CASCADE;

--
-- Constraints for table `telefono`
--
ALTER TABLE `telefono`
  ADD CONSTRAINT `telefono_ibfk_1` FOREIGN KEY (`id_codigo_tele`) REFERENCES `codigo_tele` (`id_codigo_tele`) ON DELETE CASCADE ON UPDATE CASCADE;

--
-- Constraints for table `telefono_docente`
--
ALTER TABLE `telefono_docente`
  ADD CONSTRAINT `telefono_docente_ibfk_1` FOREIGN KEY (`id_docente`) REFERENCES `docente` (`id_docente`) ON DELETE CASCADE ON UPDATE CASCADE,
  ADD CONSTRAINT `telefono_docente_ibfk_2` FOREIGN KEY (`id_telefono`) REFERENCES `telefono` (`id_telefono`) ON DELETE CASCADE ON UPDATE CASCADE;

--
-- Constraints for table `telefono_estudiante`
--
ALTER TABLE `telefono_estudiante`
  ADD CONSTRAINT `telefono_estudiante_ibfk_1` FOREIGN KEY (`id_estudiante`) REFERENCES `estudiante` (`id_estudiante`) ON DELETE CASCADE ON UPDATE CASCADE,
  ADD CONSTRAINT `telefono_estudiante_ibfk_2` FOREIGN KEY (`id_telefono`) REFERENCES `telefono` (`id_telefono`) ON DELETE CASCADE ON UPDATE CASCADE;

--
-- Constraints for table `usuario`
--
ALTER TABLE `usuario`
  ADD CONSTRAINT `usuario_ibfk_1` FOREIGN KEY (`id_tipo_usuario`) REFERENCES `tipo_usuario` (`id_tipo_usuario`) ON DELETE CASCADE ON UPDATE CASCADE;

/*!40101 SET CHARACTER_SET_CLIENT=@OLD_CHARACTER_SET_CLIENT */;
/*!40101 SET CHARACTER_SET_RESULTS=@OLD_CHARACTER_SET_RESULTS */;
/*!40101 SET COLLATION_CONNECTION=@OLD_COLLATION_CONNECTION */;
